data_source,family_id,individual_id,latitude1,longitude1,city1,country1,latitude2,longitude2,city2,country2
Kopelman2020_240_otherJ,0,pop_917_5750,41.896,12.4833,Rome,Italy,NA,NA,NA,NA
Kopelman2020_240_otherJ,0,pop_920_155,36.345,43.145,Mosul,Iraq,NA,NA,NA,NA
Kopelman2020_240_otherJ,0,pop_920_174,36.345,43.145,Mosul,Iraq,NA,NA,NA,NA
Kopelman2020_240_otherJ,0,pop_920_209,36.345,43.145,Mosul,Iraq,NA,NA,NA,NA
Kopelman2020_240_otherJ,0,pop_920_1551,36.345,43.145,Mosul,Iraq,NA,NA,NA,NA
Kopelman2020_240_otherJ,0,pop_920_1824,36.345,43.145,Mosul,Iraq,NA,NA,NA,NA
Kopelman2020_240_otherJ,0,pop_920_4584,36.345,43.145,Mosul,Iraq,NA,NA,NA,NA
Kopelman2020_240_otherJ,0,pop_920_4633,36.345,43.145,Mosul,Iraq,NA,NA,NA,NA
Kopelman2020_240_otherJ,0,pop_920_4663,36.345,43.145,Mosul,Iraq,NA,NA,NA,NA
Kopelman2020_240_otherJ,0,pop_922_30,32.8925,13.18,Tripoli,Libya,NA,NA,NA,NA
Kopelman2020_240_otherJ,0,pop_922_31,32.8925,13.18,Tripoli,Libya,NA,NA,NA,NA
Kopelman2020_240_otherJ,0,pop_922_32,32.8925,13.18,Tripoli,Libya,NA,NA,NA,NA
Kopelman2020_240_otherJ,0,pop_922_43,32.8925,13.18,Tripoli,Libya,NA,NA,NA,NA
Kopelman2020_240_otherJ,0,pop_922_77,32.8925,13.18,Tripoli,Libya,NA,NA,NA,NA
Kopelman2020_240_otherJ,0,pop_922_1103,32.8925,13.18,Tripoli,Libya,NA,NA,NA,NA
Kopelman2020_240_otherJ,0,pop_922_1104,32.8925,13.18,Tripoli,Libya,NA,NA,NA,NA
Kopelman2020_240_otherJ,0,pop_922_1263,32.8925,13.18,Tripoli,Libya,NA,NA,NA,NA
Kopelman2020_240_otherJ,0,pop_922_1332,32.8925,13.18,Tripoli,Libya,NA,NA,NA,NA
Kopelman2020_240_otherJ,0,pop_922_1438,32.8925,13.18,Tripoli,Libya,NA,NA,NA,NA
Kopelman2020_240_otherJ,0,pop_922_1449,32.8925,13.18,Tripoli,Libya,NA,NA,NA,NA
Kopelman2020_240_otherJ,0,pop_922_1450,32.8925,13.18,Tripoli,Libya,NA,NA,NA,NA
Kopelman2020_240_otherJ,0,pop_922_1468,32.8925,13.18,Tripoli,Libya,NA,NA,NA,NA
Kopelman2020_240_otherJ,0,pop_922_1521,32.8925,13.18,Tripoli,Libya,NA,NA,NA,NA
Kopelman2020_240_otherJ,0,pop_922_1523,32.8925,13.18,Tripoli,Libya,NA,NA,NA,NA
Kopelman2020_240_otherJ,0,pop_922_1579,32.8925,13.18,Tripoli,Libya,NA,NA,NA,NA
Kopelman2020_240_otherJ,0,pop_922_1595,32.8925,13.18,Tripoli,Libya,NA,NA,NA,NA
Kopelman2020_240_otherJ,0,pop_922_1639,32.8925,13.18,Tripoli,Libya,NA,NA,NA,NA
Kopelman2020_240_otherJ,0,pop_922_1659,32.8925,13.18,Tripoli,Libya,NA,NA,NA,NA
Kopelman_2020_147_AJ,0,pop_930_1135,50.4334,30.5166,Kiev,Ukraine,NA,NA,NA,NA
Kopelman_2020_147_AJ,0,pop_930_1516,50.4334,30.5166,Kiev,Ukraine,NA,NA,NA,NA
Kopelman_2020_147_AJ,0,pop_930_1537,50.4334,30.5166,Kiev,Ukraine,NA,NA,NA,NA
Kopelman_2020_147_AJ,0,pop_930_1590,50.4334,30.5166,Kiev,Ukraine,NA,NA,NA,NA
Kopelman_2020_147_AJ,0,pop_930_1617,50.4334,30.5166,Kiev,Ukraine,NA,NA,NA,NA
Kopelman_2020_147_AJ,0,pop_930_1666,50.4334,30.5166,Kiev,Ukraine,NA,NA,NA,NA
Kopelman_2020_147_AJ,0,pop_930_1807,50.4334,30.5166,Kiev,Ukraine,NA,NA,NA,NA
Kopelman_2020_147_AJ,0,pop_930_1816,50.4334,30.5166,Kiev,Ukraine,NA,NA,NA,NA
Kopelman_2020_147_AJ,0,pop_930_1858,50.4334,30.5166,Kiev,Ukraine,NA,NA,NA,NA
Kopelman_2020_147_AJ,0,pop_930_1876,50.4334,30.5166,Kiev,Ukraine,NA,NA,NA,NA
Kopelman_2020_147_AJ,0,pop_930_1978,50.4334,30.5166,Kiev,Ukraine,NA,NA,NA,NA
Kopelman_2020_147_AJ,0,pop_930_1985,50.4334,30.5166,Kiev,Ukraine,NA,NA,NA,NA
Kopelman_2020_147_AJ,0,pop_930_4481,50.4334,30.5166,Kiev,Ukraine,NA,NA,NA,NA
Kopelman_2020_147_AJ,0,pop_930_4673,50.4334,30.5166,Kiev,Ukraine,NA,NA,NA,NA
Kopelman_2020_147_AJ,0,pop_930_5492,50.4334,30.5166,Kiev,Ukraine,NA,NA,NA,NA
Kopelman_2020_147_AJ,0,pop_930_5544,50.4334,30.5166,Kiev,Ukraine,NA,NA,NA,NA
Kopelman_2020_147_AJ,0,pop_930_5707,50.4334,30.5166,Kiev,Ukraine,NA,NA,NA,NA
Kopelman_2020_147_AJ,0,pop_930_5726,50.4334,30.5166,Kiev,Ukraine,NA,NA,NA,NA
Kopelman2020_240_otherJ,0,pop_1909_150,30.05,31.25,Cairo,Egypt,NA,NA,NA,NA
Kopelman2020_240_otherJ,0,pop_1909_176,30.05,31.25,Cairo,Egypt,NA,NA,NA,NA
Kopelman2020_240_otherJ,0,pop_11902_3,34.0253,-6.8361,Rabat,Morocco,NA,NA,NA,NA
Kopelman2020_240_otherJ,0,pop_11902_18,34.0253,-6.8361,Rabat,Morocco,NA,NA,NA,NA
Kopelman2020_240_otherJ,0,pop_11902_20,34.0253,-6.8361,Rabat,Morocco,NA,NA,NA,NA
Kopelman2020_240_otherJ,0,pop_11902_26,34.0253,-6.8361,Rabat,Morocco,NA,NA,NA,NA
Kopelman2020_240_otherJ,0,pop_11902_27,34.0253,-6.8361,Rabat,Morocco,NA,NA,NA,NA
Kopelman2020_240_otherJ,0,pop_11902_44,34.0253,-6.8361,Rabat,Morocco,NA,NA,NA,NA
Kopelman2020_240_otherJ,0,pop_11902_66,34.0253,-6.8361,Rabat,Morocco,NA,NA,NA,NA
Kopelman2020_240_otherJ,0,pop_11902_73,34.0253,-6.8361,Rabat,Morocco,NA,NA,NA,NA
Kopelman2020_240_otherJ,0,pop_11902_123,34.0253,-6.8361,Rabat,Morocco,NA,NA,NA,NA
Kopelman2020_240_otherJ,0,pop_11902_193,34.0253,-6.8361,Rabat,Morocco,NA,NA,NA,NA
Kopelman2020_240_otherJ,0,pop_11902_197,34.0253,-6.8361,Rabat,Morocco,NA,NA,NA,NA
Kopelman2020_240_otherJ,0,pop_11902_1107,34.0253,-6.8361,Rabat,Morocco,NA,NA,NA,NA
Kopelman2020_240_otherJ,0,pop_11902_1114,34.0253,-6.8361,Rabat,Morocco,NA,NA,NA,NA
Kopelman2020_240_otherJ,0,pop_11902_1136,34.0253,-6.8361,Rabat,Morocco,NA,NA,NA,NA
Kopelman2020_240_otherJ,0,pop_11902_1372,34.0253,-6.8361,Rabat,Morocco,NA,NA,NA,NA
Kopelman2020_240_otherJ,0,pop_11902_1379,34.0253,-6.8361,Rabat,Morocco,NA,NA,NA,NA
Kopelman2020_240_otherJ,0,pop_11902_1380,34.0253,-6.8361,Rabat,Morocco,NA,NA,NA,NA
Kopelman2020_240_otherJ,0,pop_11902_1403,34.0253,-6.8361,Rabat,Morocco,NA,NA,NA,NA
Kopelman2020_240_otherJ,0,pop_11902_1406,34.0253,-6.8361,Rabat,Morocco,NA,NA,NA,NA
Kopelman2020_240_otherJ,0,pop_11902_1428,34.0253,-6.8361,Rabat,Morocco,NA,NA,NA,NA
Kopelman2020_240_otherJ,0,pop_11902_1432,34.0253,-6.8361,Rabat,Morocco,NA,NA,NA,NA
Kopelman2020_240_otherJ,0,pop_11902_1436,34.0253,-6.8361,Rabat,Morocco,NA,NA,NA,NA
Kopelman2020_240_otherJ,0,pop_11902_1461,34.0253,-6.8361,Rabat,Morocco,NA,NA,NA,NA
Kopelman2020_240_otherJ,0,pop_11902_1520,34.0253,-6.8361,Rabat,Morocco,NA,NA,NA,NA
Kopelman2020_240_otherJ,0,pop_11903_22,36.8028,10.1797,Tunis,Tunisia,NA,NA,NA,NA
Kopelman2020_240_otherJ,0,pop_11903_24,36.8028,10.1797,Tunis,Tunisia,NA,NA,NA,NA
Kopelman2020_240_otherJ,0,pop_11903_38,36.8028,10.1797,Tunis,Tunisia,NA,NA,NA,NA
Kopelman2020_240_otherJ,0,pop_11903_50,36.8028,10.1797,Tunis,Tunisia,NA,NA,NA,NA
Kopelman2020_240_otherJ,0,pop_11903_81,36.8028,10.1797,Tunis,Tunisia,NA,NA,NA,NA
Kopelman2020_240_otherJ,0,pop_11903_119,36.8028,10.1797,Tunis,Tunisia,NA,NA,NA,NA
Kopelman2020_240_otherJ,0,pop_11903_120,36.8028,10.1797,Tunis,Tunisia,NA,NA,NA,NA
Kopelman2020_240_otherJ,0,pop_11903_133,36.8028,10.1797,Tunis,Tunisia,NA,NA,NA,NA
Kopelman2020_240_otherJ,0,pop_11903_137,36.8028,10.1797,Tunis,Tunisia,NA,NA,NA,NA
Kopelman2020_240_otherJ,0,pop_11903_140,36.8028,10.1797,Tunis,Tunisia,NA,NA,NA,NA
Kopelman2020_240_otherJ,0,pop_11903_202,36.8028,10.1797,Tunis,Tunisia,NA,NA,NA,NA
Kopelman2020_240_otherJ,0,pop_11903_1118,36.8028,10.1797,Tunis,Tunisia,NA,NA,NA,NA
Kopelman2020_240_otherJ,0,pop_11903_1170,36.8028,10.1797,Tunis,Tunisia,NA,NA,NA,NA
Kopelman2020_240_otherJ,0,pop_11903_1415,36.8028,10.1797,Tunis,Tunisia,NA,NA,NA,NA
Kopelman2020_240_otherJ,0,pop_11903_1421,36.8028,10.1797,Tunis,Tunisia,NA,NA,NA,NA
Kopelman2020_240_otherJ,0,pop_11903_1423,36.8028,10.1797,Tunis,Tunisia,NA,NA,NA,NA
Kopelman2020_240_otherJ,0,pop_11903_1507,36.8028,10.1797,Tunis,Tunisia,NA,NA,NA,NA
Kopelman2020_240_otherJ,0,pop_11903_1511,36.8028,10.1797,Tunis,Tunisia,NA,NA,NA,NA
Kopelman2020_240_otherJ,0,pop_11903_1531,36.8028,10.1797,Tunis,Tunisia,NA,NA,NA,NA
Kopelman2020_240_otherJ,0,pop_11903_1544,36.8028,10.1797,Tunis,Tunisia,NA,NA,NA,NA
Kopelman2020_240_otherJ,0,pop_11903_1547,36.8028,10.1797,Tunis,Tunisia,NA,NA,NA,NA
Kopelman2020_240_otherJ,0,pop_11903_1646,36.8028,10.1797,Tunis,Tunisia,NA,NA,NA,NA
Kopelman2020_240_otherJ,0,pop_11903_1763,36.8028,10.1797,Tunis,Tunisia,NA,NA,NA,NA
Kopelman2020_240_otherJ,0,pop_11903_4637,36.8028,10.1797,Tunis,Tunisia,NA,NA,NA,NA
Kopelman2020_240_otherJ,0,pop_11903_4678,36.8028,10.1797,Tunis,Tunisia,NA,NA,NA,NA
Kopelman2020_240_otherJ,0,pop_11903_5188,36.8028,10.1797,Tunis,Tunisia,NA,NA,NA,NA
Kopelman2020_240_otherJ,0,pop_11903_5200,36.8028,10.1797,Tunis,Tunisia,NA,NA,NA,NA
Kopelman2020_240_otherJ,0,pop_11903_5688,36.8028,10.1797,Tunis,Tunisia,NA,NA,NA,NA
Kopelman2020_240_otherJ,0,pop_11903_6074,36.8028,10.1797,Tunis,Tunisia,NA,NA,NA,NA
Kopelman2020_240_otherJ,0,pop_11904_145,39.9272,32.8644,Ankara,Turkey,NA,NA,NA,NA
Kopelman2020_240_otherJ,0,pop_11904_5025,39.9272,32.8644,Ankara,Turkey,NA,NA,NA,NA
Kopelman2020_240_otherJ,0,pop_11904_5031,39.9272,32.8644,Ankara,Turkey,NA,NA,NA,NA
Kopelman2020_240_otherJ,0,pop_11904_5034,39.9272,32.8644,Ankara,Turkey,NA,NA,NA,NA
Kopelman2020_240_otherJ,0,pop_11904_5060,39.9272,32.8644,Ankara,Turkey,NA,NA,NA,NA
Kopelman2020_240_otherJ,0,pop_11904_5061,39.9272,32.8644,Ankara,Turkey,NA,NA,NA,NA
Kopelman2020_240_otherJ,0,pop_11904_5062,39.9272,32.8644,Ankara,Turkey,NA,NA,NA,NA
Kopelman2020_240_otherJ,0,pop_11904_5093,39.9272,32.8644,Ankara,Turkey,NA,NA,NA,NA
Kopelman2020_240_otherJ,0,pop_11904_5094,39.9272,32.8644,Ankara,Turkey,NA,NA,NA,NA
Kopelman2020_240_otherJ,0,pop_11904_5109,39.9272,32.8644,Ankara,Turkey,NA,NA,NA,NA
Kopelman2020_240_otherJ,0,pop_11904_5192,39.9272,32.8644,Ankara,Turkey,NA,NA,NA,NA
Kopelman2020_240_otherJ,0,pop_11904_5199,39.9272,32.8644,Ankara,Turkey,NA,NA,NA,NA
Kopelman2020_240_otherJ,0,pop_11904_5213,39.9272,32.8644,Ankara,Turkey,NA,NA,NA,NA
Kopelman2020_240_otherJ,0,pop_11904_5751,39.9272,32.8644,Ankara,Turkey,NA,NA,NA,NA
Kopelman2020_240_otherJ,0,pop_11905_51,36.7631,3.0506,Algiers,Algeria,NA,NA,NA,NA
Kopelman2020_240_otherJ,0,pop_11905_67,36.7631,3.0506,Algiers,Algeria,NA,NA,NA,NA
Kopelman_2020_147_AJ,0,pop_11906_5842,53.9,27.5666,Minsk,Belarus,NA,NA,NA,NA
Kopelman2020_240_otherJ,0,pop_11907_5138,42.6833,23.3167,Sofia,Bulgaria,NA,NA,NA,NA
Kopelman2020_240_otherJ,0,pop_11907_5147,42.6833,23.3167,Sofia,Bulgaria,NA,NA,NA,NA
Kopelman2020_240_otherJ,0,pop_11907_5148,42.6833,23.3167,Sofia,Bulgaria,NA,NA,NA,NA
Kopelman2020_240_otherJ,0,pop_11907_5158,42.6833,23.3167,Sofia,Bulgaria,NA,NA,NA,NA
Kopelman2020_240_otherJ,0,pop_11907_5159,42.6833,23.3167,Sofia,Bulgaria,NA,NA,NA,NA
Kopelman2020_240_otherJ,0,pop_11907_5190,42.6833,23.3167,Sofia,Bulgaria,NA,NA,NA,NA
Kopelman2020_240_otherJ,0,pop_11907_5219,42.6833,23.3167,Sofia,Bulgaria,NA,NA,NA,NA
Kopelman2020_240_otherJ,0,pop_11907_5220,42.6833,23.3167,Sofia,Bulgaria,NA,NA,NA,NA
Kopelman2020_240_otherJ,0,pop_11907_5253,42.6833,23.3167,Sofia,Bulgaria,NA,NA,NA,NA
Kopelman2020_240_otherJ,0,pop_11907_5278,42.6833,23.3167,Sofia,Bulgaria,NA,NA,NA,NA
Kopelman2020_240_otherJ,0,pop_11907_5279,42.6833,23.3167,Sofia,Bulgaria,NA,NA,NA,NA
Kopelman2020_240_otherJ,0,pop_11907_5283,42.6833,23.3167,Sofia,Bulgaria,NA,NA,NA,NA
Kopelman2020_240_otherJ,0,pop_11907_5284,42.6833,23.3167,Sofia,Bulgaria,NA,NA,NA,NA
Kopelman2020_240_otherJ,0,pop_11907_5285,42.6833,23.3167,Sofia,Bulgaria,NA,NA,NA,NA
Kopelman2020_240_otherJ,0,pop_11907_5286,42.6833,23.3167,Sofia,Bulgaria,NA,NA,NA,NA
Kopelman2020_240_otherJ,0,pop_11907_5298,42.6833,23.3167,Sofia,Bulgaria,NA,NA,NA,NA
Kopelman2020_240_otherJ,0,pop_11907_5299,42.6833,23.3167,Sofia,Bulgaria,NA,NA,NA,NA
Kopelman2020_240_otherJ,0,pop_11907_5302,42.6833,23.3167,Sofia,Bulgaria,NA,NA,NA,NA
Kopelman2020_240_otherJ,0,pop_11907_5304,42.6833,23.3167,Sofia,Bulgaria,NA,NA,NA,NA
Kopelman_2020_147_AJ,0,pop_11908_1126,50.0833,14.4665,Prague,Czechia,NA,NA,NA,NA
Kopelman_2020_147_AJ,0,pop_11908_1229,50.0833,14.4665,Prague,Czechia,NA,NA,NA,NA
Kopelman_2020_147_AJ,0,pop_11908_1390,50.0833,14.4665,Prague,Czechia,NA,NA,NA,NA
Kopelman_2020_147_AJ,0,pop_11908_1642,50.0833,14.4665,Prague,Czechia,NA,NA,NA,NA
Kopelman_2020_147_AJ,0,pop_11908_4151,50.0833,14.4665,Prague,Czechia,NA,NA,NA,NA
Kopelman_2020_147_AJ,0,pop_11908_4643,50.0833,14.4665,Prague,Czechia,NA,NA,NA,NA
Kopelman_2020_147_AJ,0,pop_11908_5667,50.0833,14.4665,Prague,Czechia,NA,NA,NA,NA
Kopelman_2020_147_AJ,0,pop_11908_5865,50.0833,14.4665,Prague,Czechia,NA,NA,NA,NA
Kopelman_2020_147_AJ,0,pop_11908_6259,50.0833,14.4665,Prague,Czechia,NA,NA,NA,NA
Kopelman_2020_147_AJ,0,pop_11908_6530,50.0833,14.4665,Prague,Czechia,NA,NA,NA,NA
Kopelman2020_240_otherJ,0,pop_11910_1137,9.0333,38.7,Addis Ababa,Ethiopia,NA,NA,NA,NA
Kopelman2020_240_otherJ,0,pop_11910_1599,9.0333,38.7,Addis Ababa,Ethiopia,NA,NA,NA,NA
Kopelman2020_240_otherJ,0,pop_11910_1610,9.0333,38.7,Addis Ababa,Ethiopia,NA,NA,NA,NA
Kopelman2020_240_otherJ,0,pop_11910_1613,9.0333,38.7,Addis Ababa,Ethiopia,NA,NA,NA,NA
Kopelman2020_240_otherJ,0,pop_11910_1683,9.0333,38.7,Addis Ababa,Ethiopia,NA,NA,NA,NA
Kopelman2020_240_otherJ,0,pop_11910_1749,9.0333,38.7,Addis Ababa,Ethiopia,NA,NA,NA,NA
Kopelman2020_240_otherJ,0,pop_11910_1804,9.0333,38.7,Addis Ababa,Ethiopia,NA,NA,NA,NA
Kopelman2020_240_otherJ,0,pop_11910_1818,9.0333,38.7,Addis Ababa,Ethiopia,NA,NA,NA,NA
Kopelman2020_240_otherJ,0,pop_11910_1822,9.0333,38.7,Addis Ababa,Ethiopia,NA,NA,NA,NA
Kopelman2020_240_otherJ,0,pop_11910_1831,9.0333,38.7,Addis Ababa,Ethiopia,NA,NA,NA,NA
Kopelman2020_240_otherJ,0,pop_11910_2234,9.0333,38.7,Addis Ababa,Ethiopia,NA,NA,NA,NA
Kopelman2020_240_otherJ,0,pop_11910_4524,9.0333,38.7,Addis Ababa,Ethiopia,NA,NA,NA,NA
Kopelman2020_240_otherJ,0,pop_11910_4566,9.0333,38.7,Addis Ababa,Ethiopia,NA,NA,NA,NA
Kopelman2020_240_otherJ,0,pop_11910_4568,9.0333,38.7,Addis Ababa,Ethiopia,NA,NA,NA,NA
Kopelman2020_240_otherJ,0,pop_11910_4574,9.0333,38.7,Addis Ababa,Ethiopia,NA,NA,NA,NA
Kopelman2020_240_otherJ,0,pop_11910_4624,9.0333,38.7,Addis Ababa,Ethiopia,NA,NA,NA,NA
Kopelman2020_240_otherJ,0,pop_11910_4626,9.0333,38.7,Addis Ababa,Ethiopia,NA,NA,NA,NA
Kopelman2020_240_otherJ,0,pop_11910_4656,9.0333,38.7,Addis Ababa,Ethiopia,NA,NA,NA,NA
Kopelman2020_240_otherJ,0,pop_11910_4694,9.0333,38.7,Addis Ababa,Ethiopia,NA,NA,NA,NA
Kopelman2020_240_otherJ,0,pop_11911_2,41.725,44.7908,Tbilisi,Georgia(country),NA,NA,NA,NA
Kopelman2020_240_otherJ,0,pop_11911_17,41.725,44.7908,Tbilisi,Georgia(country),NA,NA,NA,NA
Kopelman2020_240_otherJ,0,pop_11911_1577,41.725,44.7908,Tbilisi,Georgia(country),NA,NA,NA,NA
Kopelman2020_240_otherJ,0,pop_11911_1594,41.725,44.7908,Tbilisi,Georgia(country),NA,NA,NA,NA
Kopelman2020_240_otherJ,0,pop_11911_1607,41.725,44.7908,Tbilisi,Georgia(country),NA,NA,NA,NA
Kopelman2020_240_otherJ,0,pop_11911_1654,41.725,44.7908,Tbilisi,Georgia(country),NA,NA,NA,NA
Kopelman2020_240_otherJ,0,pop_11911_1671,41.725,44.7908,Tbilisi,Georgia(country),NA,NA,NA,NA
Kopelman2020_240_otherJ,0,pop_11911_1883,41.725,44.7908,Tbilisi,Georgia(country),NA,NA,NA,NA
Kopelman2020_240_otherJ,0,pop_11911_1961,41.725,44.7908,Tbilisi,Georgia(country),NA,NA,NA,NA
Kopelman2020_240_otherJ,0,pop_11911_1963,41.725,44.7908,Tbilisi,Georgia(country),NA,NA,NA,NA
Kopelman2020_240_otherJ,0,pop_11911_1965,41.725,44.7908,Tbilisi,Georgia(country),NA,NA,NA,NA
Kopelman2020_240_otherJ,0,pop_11911_1970,41.725,44.7908,Tbilisi,Georgia(country),NA,NA,NA,NA
Kopelman2020_240_otherJ,0,pop_11911_1971,41.725,44.7908,Tbilisi,Georgia(country),NA,NA,NA,NA
Kopelman2020_240_otherJ,0,pop_11911_1972,41.725,44.7908,Tbilisi,Georgia(country),NA,NA,NA,NA
Kopelman2020_240_otherJ,0,pop_11911_1973,41.725,44.7908,Tbilisi,Georgia(country),NA,NA,NA,NA
Kopelman2020_240_otherJ,0,pop_11911_1975,41.725,44.7908,Tbilisi,Georgia(country),NA,NA,NA,NA
Kopelman2020_240_otherJ,0,pop_11911_1987,41.725,44.7908,Tbilisi,Georgia(country),NA,NA,NA,NA
Kopelman2020_240_otherJ,0,pop_11911_4521,41.725,44.7908,Tbilisi,Georgia(country),NA,NA,NA,NA
Kopelman2020_240_otherJ,0,pop_11911_4593,41.725,44.7908,Tbilisi,Georgia(country),NA,NA,NA,NA
Kopelman2020_240_otherJ,0,pop_11911_4594,41.725,44.7908,Tbilisi,Georgia(country),NA,NA,NA,NA
Kopelman2020_240_otherJ,0,pop_11911_4722,41.725,44.7908,Tbilisi,Georgia(country),NA,NA,NA,NA
Kopelman_2020_147_AJ,0,pop_11913_1239,52.5218,13.4015,Berlin,Germany,NA,NA,NA,NA
Kopelman_2020_147_AJ,0,pop_11913_1377,52.5218,13.4015,Berlin,Germany,NA,NA,NA,NA
Kopelman_2020_147_AJ,0,pop_11913_1745,52.5218,13.4015,Berlin,Germany,NA,NA,NA,NA
Kopelman_2020_147_AJ,0,pop_11913_4051,52.5218,13.4015,Berlin,Germany,NA,NA,NA,NA
Kopelman_2020_147_AJ,0,pop_11913_4203,52.5218,13.4015,Berlin,Germany,NA,NA,NA,NA
Kopelman_2020_147_AJ,0,pop_11913_4332,52.5218,13.4015,Berlin,Germany,NA,NA,NA,NA
Kopelman_2020_147_AJ,0,pop_11913_5309,52.5218,13.4015,Berlin,Germany,NA,NA,NA,NA
Kopelman_2020_147_AJ,0,pop_11913_5837,52.5218,13.4015,Berlin,Germany,NA,NA,NA,NA
Kopelman_2020_147_AJ,0,pop_11913_5988,52.5218,13.4015,Berlin,Germany,NA,NA,NA,NA
Kopelman_2020_147_AJ,0,pop_11913_6009,52.5218,13.4015,Berlin,Germany,NA,NA,NA,NA
Kopelman_2020_147_AJ,0,pop_11913_6173,52.5218,13.4015,Berlin,Germany,NA,NA,NA,NA
Kopelman_2020_147_AJ,0,pop_11913_6404,52.5218,13.4015,Berlin,Germany,NA,NA,NA,NA
Kopelman2020_240_otherJ,0,pop_11915_61,35.6719,51.4243,Tehran,Iran,NA,NA,NA,NA
Kopelman2020_240_otherJ,0,pop_11915_211,35.6719,51.4243,Tehran,Iran,NA,NA,NA,NA
Kopelman2020_240_otherJ,0,pop_11915_223,35.6719,51.4243,Tehran,Iran,NA,NA,NA,NA
Kopelman2020_240_otherJ,0,pop_11915_1132,35.6719,51.4243,Tehran,Iran,NA,NA,NA,NA
Kopelman2020_240_otherJ,0,pop_11915_1159,35.6719,51.4243,Tehran,Iran,NA,NA,NA,NA
Kopelman2020_240_otherJ,0,pop_11915_1161,35.6719,51.4243,Tehran,Iran,NA,NA,NA,NA
Kopelman2020_240_otherJ,0,pop_11915_1173,35.6719,51.4243,Tehran,Iran,NA,NA,NA,NA
Kopelman2020_240_otherJ,0,pop_11915_1284,35.6719,51.4243,Tehran,Iran,NA,NA,NA,NA
Kopelman2020_240_otherJ,0,pop_11915_1383,35.6719,51.4243,Tehran,Iran,NA,NA,NA,NA
Kopelman2020_240_otherJ,0,pop_11915_1404,35.6719,51.4243,Tehran,Iran,NA,NA,NA,NA
Kopelman2020_240_otherJ,0,pop_11915_1409,35.6719,51.4243,Tehran,Iran,NA,NA,NA,NA
Kopelman2020_240_otherJ,0,pop_11915_1414,35.6719,51.4243,Tehran,Iran,NA,NA,NA,NA
Kopelman2020_240_otherJ,0,pop_11915_1419,35.6719,51.4243,Tehran,Iran,NA,NA,NA,NA
Kopelman2020_240_otherJ,0,pop_11915_1485,35.6719,51.4243,Tehran,Iran,NA,NA,NA,NA
Kopelman2020_240_otherJ,0,pop_11915_1513,35.6719,51.4243,Tehran,Iran,NA,NA,NA,NA
Kopelman2020_240_otherJ,0,pop_11915_1557,35.6719,51.4243,Tehran,Iran,NA,NA,NA,NA
Kopelman2020_240_otherJ,0,pop_11915_1560,35.6719,51.4243,Tehran,Iran,NA,NA,NA,NA
Kopelman2020_240_otherJ,0,pop_11915_1586,35.6719,51.4243,Tehran,Iran,NA,NA,NA,NA
Kopelman2020_240_otherJ,0,pop_11915_1832,35.6719,51.4243,Tehran,Iran,NA,NA,NA,NA
Kopelman2020_240_otherJ,0,pop_11915_1840,35.6719,51.4243,Tehran,Iran,NA,NA,NA,NA
Kopelman2020_240_otherJ,0,pop_11916_52,33.3386,44.3939,Baghdad,Iraq,NA,NA,NA,NA
Kopelman2020_240_otherJ,0,pop_11916_175,33.3386,44.3939,Baghdad,Iraq,NA,NA,NA,NA
Kopelman2020_240_otherJ,0,pop_11916_182,33.3386,44.3939,Baghdad,Iraq,NA,NA,NA,NA
Kopelman2020_240_otherJ,0,pop_11916_184,33.3386,44.3939,Baghdad,Iraq,NA,NA,NA,NA
Kopelman2020_240_otherJ,0,pop_11916_203,33.3386,44.3939,Baghdad,Iraq,NA,NA,NA,NA
Kopelman2020_240_otherJ,0,pop_11916_207,33.3386,44.3939,Baghdad,Iraq,NA,NA,NA,NA
Kopelman2020_240_otherJ,0,pop_11916_208,33.3386,44.3939,Baghdad,Iraq,NA,NA,NA,NA
Kopelman2020_240_otherJ,0,pop_11916_222,33.3386,44.3939,Baghdad,Iraq,NA,NA,NA,NA
Kopelman2020_240_otherJ,0,pop_11916_225,33.3386,44.3939,Baghdad,Iraq,NA,NA,NA,NA
Kopelman2020_240_otherJ,0,pop_11916_1141,33.3386,44.3939,Baghdad,Iraq,NA,NA,NA,NA
Kopelman2020_240_otherJ,0,pop_11916_1165,33.3386,44.3939,Baghdad,Iraq,NA,NA,NA,NA
Kopelman2020_240_otherJ,0,pop_11916_1175,33.3386,44.3939,Baghdad,Iraq,NA,NA,NA,NA
Kopelman2020_240_otherJ,0,pop_11916_1384,33.3386,44.3939,Baghdad,Iraq,NA,NA,NA,NA
Kopelman2020_240_otherJ,0,pop_11916_1402,33.3386,44.3939,Baghdad,Iraq,NA,NA,NA,NA
Kopelman2020_240_otherJ,0,pop_11916_1417,33.3386,44.3939,Baghdad,Iraq,NA,NA,NA,NA
Kopelman2020_240_otherJ,0,pop_11916_1418,33.3386,44.3939,Baghdad,Iraq,NA,NA,NA,NA
Kopelman2020_240_otherJ,0,pop_11916_1434,33.3386,44.3939,Baghdad,Iraq,NA,NA,NA,NA
Kopelman2020_240_otherJ,0,pop_11916_1441,33.3386,44.3939,Baghdad,Iraq,NA,NA,NA,NA
Kopelman2020_240_otherJ,0,pop_11916_1444,33.3386,44.3939,Baghdad,Iraq,NA,NA,NA,NA
Kopelman2020_240_otherJ,0,pop_11916_1484,33.3386,44.3939,Baghdad,Iraq,NA,NA,NA,NA
Kopelman2020_240_otherJ,0,pop_11916_1554,33.3386,44.3939,Baghdad,Iraq,NA,NA,NA,NA
Kopelman2020_240_otherJ,0,pop_11916_1652,33.3386,44.3939,Baghdad,Iraq,NA,NA,NA,NA
Kopelman2020_240_otherJ,0,pop_11916_1757,33.3386,44.3939,Baghdad,Iraq,NA,NA,NA,NA
Kopelman2020_240_otherJ,0,pop_11916_1759,33.3386,44.3939,Baghdad,Iraq,NA,NA,NA,NA
Kopelman2020_240_otherJ,0,pop_11916_1874,33.3386,44.3939,Baghdad,Iraq,NA,NA,NA,NA
Kopelman_2020_147_AJ,0,pop_11921_1124,56.95,24.1,Riga,Latvia,NA,NA,NA,NA
Kopelman_2020_147_AJ,0,pop_11921_1285,56.95,24.1,Riga,Latvia,NA,NA,NA,NA
Kopelman_2020_147_AJ,0,pop_11921_4755,56.95,24.1,Riga,Latvia,NA,NA,NA,NA
Kopelman_2020_147_AJ,0,pop_11921_6256,56.95,24.1,Riga,Latvia,NA,NA,NA,NA
Kopelman_2020_147_AJ,0,pop_11921_6373,56.95,24.1,Riga,Latvia,NA,NA,NA,NA
Kopelman_2020_147_AJ,0,pop_11923_4777,54.6834,25.3166,Vilnius,Lithuania,NA,NA,NA,NA
Kopelman_2020_147_AJ,0,pop_11923_4778,54.6834,25.3166,Vilnius,Lithuania,NA,NA,NA,NA
Kopelman_2020_147_AJ,0,pop_11923_5496,54.6834,25.3166,Vilnius,Lithuania,NA,NA,NA,NA
Kopelman_2020_147_AJ,0,pop_11923_5677,54.6834,25.3166,Vilnius,Lithuania,NA,NA,NA,NA
Kopelman_2020_147_AJ,0,pop_11923_5766,54.6834,25.3166,Vilnius,Lithuania,NA,NA,NA,NA
Kopelman_2020_147_AJ,0,pop_11923_5844,54.6834,25.3166,Vilnius,Lithuania,NA,NA,NA,NA
Kopelman_2020_147_AJ,0,pop_11923_5857,54.6834,25.3166,Vilnius,Lithuania,NA,NA,NA,NA
Kopelman_2020_147_AJ,0,pop_11923_5979,54.6834,25.3166,Vilnius,Lithuania,NA,NA,NA,NA
Kopelman_2020_147_AJ,0,pop_11923_5996,54.6834,25.3166,Vilnius,Lithuania,NA,NA,NA,NA
Kopelman_2020_147_AJ,0,pop_11923_6044,54.6834,25.3166,Vilnius,Lithuania,NA,NA,NA,NA
Kopelman_2020_147_AJ,0,pop_11923_6084,54.6834,25.3166,Vilnius,Lithuania,NA,NA,NA,NA
Kopelman_2020_147_AJ,0,pop_11923_6111,54.6834,25.3166,Vilnius,Lithuania,NA,NA,NA,NA
Kopelman_2020_147_AJ,0,pop_11923_6130,54.6834,25.3166,Vilnius,Lithuania,NA,NA,NA,NA
Kopelman_2020_147_AJ,0,pop_11923_6150,54.6834,25.3166,Vilnius,Lithuania,NA,NA,NA,NA
Kopelman_2020_147_AJ,0,pop_11923_6175,54.6834,25.3166,Vilnius,Lithuania,NA,NA,NA,NA
Kopelman_2020_147_AJ,0,pop_11923_6617,54.6834,25.3166,Vilnius,Lithuania,NA,NA,NA,NA
Kopelman_2020_147_AJ,0,pop_11924_6487,52.35,4.9166,Amsterdam,Netherlands,NA,NA,NA,NA
Kopelman_2020_147_AJ,0,pop_11925_177,52.25,21,Warsaw,Poland,NA,NA,NA,NA
Kopelman_2020_147_AJ,0,pop_11925_224,52.25,21,Warsaw,Poland,NA,NA,NA,NA
Kopelman_2020_147_AJ,0,pop_11925_1102,52.25,21,Warsaw,Poland,NA,NA,NA,NA
Kopelman_2020_147_AJ,0,pop_11925_1113,52.25,21,Warsaw,Poland,NA,NA,NA,NA
Kopelman_2020_147_AJ,0,pop_11925_1115,52.25,21,Warsaw,Poland,NA,NA,NA,NA
Kopelman_2020_147_AJ,0,pop_11925_1119,52.25,21,Warsaw,Poland,NA,NA,NA,NA
Kopelman_2020_147_AJ,0,pop_11925_1121,52.25,21,Warsaw,Poland,NA,NA,NA,NA
Kopelman_2020_147_AJ,0,pop_11925_1122,52.25,21,Warsaw,Poland,NA,NA,NA,NA
Kopelman_2020_147_AJ,0,pop_11925_1123,52.25,21,Warsaw,Poland,NA,NA,NA,NA
Kopelman_2020_147_AJ,0,pop_11925_1129,52.25,21,Warsaw,Poland,NA,NA,NA,NA
Kopelman_2020_147_AJ,0,pop_11925_1131,52.25,21,Warsaw,Poland,NA,NA,NA,NA
Kopelman_2020_147_AJ,0,pop_11925_1133,52.25,21,Warsaw,Poland,NA,NA,NA,NA
Kopelman_2020_147_AJ,0,pop_11925_1134,52.25,21,Warsaw,Poland,NA,NA,NA,NA
Kopelman_2020_147_AJ,0,pop_11925_1139,52.25,21,Warsaw,Poland,NA,NA,NA,NA
Kopelman_2020_147_AJ,0,pop_11925_1146,52.25,21,Warsaw,Poland,NA,NA,NA,NA
Kopelman_2020_147_AJ,0,pop_11925_1160,52.25,21,Warsaw,Poland,NA,NA,NA,NA
Kopelman_2020_147_AJ,0,pop_11925_1162,52.25,21,Warsaw,Poland,NA,NA,NA,NA
Kopelman_2020_147_AJ,0,pop_11925_1236,52.25,21,Warsaw,Poland,NA,NA,NA,NA
Kopelman_2020_147_AJ,0,pop_11925_1267,52.25,21,Warsaw,Poland,NA,NA,NA,NA
Kopelman_2020_147_AJ,0,pop_11925_1399,52.25,21,Warsaw,Poland,NA,NA,NA,NA
Kopelman_2020_147_AJ,0,pop_11926_1112,44.4334,26.0999,Bucharest,Romania,NA,NA,NA,NA
Kopelman_2020_147_AJ,0,pop_11926_1116,44.4334,26.0999,Bucharest,Romania,NA,NA,NA,NA
Kopelman_2020_147_AJ,0,pop_11926_1120,44.4334,26.0999,Bucharest,Romania,NA,NA,NA,NA
Kopelman_2020_147_AJ,0,pop_11926_1128,44.4334,26.0999,Bucharest,Romania,NA,NA,NA,NA
Kopelman_2020_147_AJ,0,pop_11926_1142,44.4334,26.0999,Bucharest,Romania,NA,NA,NA,NA
Kopelman_2020_147_AJ,0,pop_11926_1149,44.4334,26.0999,Bucharest,Romania,NA,NA,NA,NA
Kopelman_2020_147_AJ,0,pop_11926_1235,44.4334,26.0999,Bucharest,Romania,NA,NA,NA,NA
Kopelman_2020_147_AJ,0,pop_11926_1286,44.4334,26.0999,Bucharest,Romania,NA,NA,NA,NA
Kopelman_2020_147_AJ,0,pop_11926_1361,44.4334,26.0999,Bucharest,Romania,NA,NA,NA,NA
Kopelman_2020_147_AJ,0,pop_11926_1369,44.4334,26.0999,Bucharest,Romania,NA,NA,NA,NA
Kopelman_2020_147_AJ,0,pop_11926_1370,44.4334,26.0999,Bucharest,Romania,NA,NA,NA,NA
Kopelman_2020_147_AJ,0,pop_11926_1371,44.4334,26.0999,Bucharest,Romania,NA,NA,NA,NA
Kopelman_2020_147_AJ,0,pop_11926_1541,44.4334,26.0999,Bucharest,Romania,NA,NA,NA,NA
Kopelman_2020_147_AJ,0,pop_11926_1585,44.4334,26.0999,Bucharest,Romania,NA,NA,NA,NA
Kopelman_2020_147_AJ,0,pop_11926_1606,44.4334,26.0999,Bucharest,Romania,NA,NA,NA,NA
Kopelman_2020_147_AJ,0,pop_11926_1740,44.4334,26.0999,Bucharest,Romania,NA,NA,NA,NA
Kopelman_2020_147_AJ,0,pop_11926_1967,44.4334,26.0999,Bucharest,Romania,NA,NA,NA,NA
Kopelman_2020_147_AJ,0,pop_11927_1254,55.7522,37.6155,Moscow,Russia,NA,NA,NA,NA
Kopelman_2020_147_AJ,0,pop_11927_1540,55.7522,37.6155,Moscow,Russia,NA,NA,NA,NA
Kopelman_2020_147_AJ,0,pop_11927_1549,55.7522,37.6155,Moscow,Russia,NA,NA,NA,NA
Kopelman_2020_147_AJ,0,pop_11927_1563,55.7522,37.6155,Moscow,Russia,NA,NA,NA,NA
Kopelman_2020_147_AJ,0,pop_11927_1564,55.7522,37.6155,Moscow,Russia,NA,NA,NA,NA
Kopelman_2020_147_AJ,0,pop_11927_1565,55.7522,37.6155,Moscow,Russia,NA,NA,NA,NA
Kopelman_2020_147_AJ,0,pop_11927_1583,55.7522,37.6155,Moscow,Russia,NA,NA,NA,NA
Kopelman_2020_147_AJ,0,pop_11927_1588,55.7522,37.6155,Moscow,Russia,NA,NA,NA,NA
Kopelman_2020_147_AJ,0,pop_11927_1685,55.7522,37.6155,Moscow,Russia,NA,NA,NA,NA
Kopelman_2020_147_AJ,0,pop_11927_1689,55.7522,37.6155,Moscow,Russia,NA,NA,NA,NA
Kopelman_2020_147_AJ,0,pop_11927_1690,55.7522,37.6155,Moscow,Russia,NA,NA,NA,NA
Kopelman_2020_147_AJ,0,pop_11927_1728,55.7522,37.6155,Moscow,Russia,NA,NA,NA,NA
Kopelman_2020_147_AJ,0,pop_11927_1742,55.7522,37.6155,Moscow,Russia,NA,NA,NA,NA
Kopelman_2020_147_AJ,0,pop_11927_1769,55.7522,37.6155,Moscow,Russia,NA,NA,NA,NA
Kopelman_2020_147_AJ,0,pop_11927_1801,55.7522,37.6155,Moscow,Russia,NA,NA,NA,NA
Kopelman_2020_147_AJ,0,pop_11927_1819,55.7522,37.6155,Moscow,Russia,NA,NA,NA,NA
Kopelman_2020_147_AJ,0,pop_11927_1871,55.7522,37.6155,Moscow,Russia,NA,NA,NA,NA
Kopelman_2020_147_AJ,0,pop_11927_1962,55.7522,37.6155,Moscow,Russia,NA,NA,NA,NA
Kopelman_2020_147_AJ,0,pop_11927_1979,55.7522,37.6155,Moscow,Russia,NA,NA,NA,NA
Kopelman_2020_147_AJ,0,pop_11927_4211,55.7522,37.6155,Moscow,Russia,NA,NA,NA,NA
Kopelman_2020_147_AJ,0,pop_11927_4252,55.7522,37.6155,Moscow,Russia,NA,NA,NA,NA
Kopelman_2020_147_AJ,0,pop_11927_4483,55.7522,37.6155,Moscow,Russia,NA,NA,NA,NA
Kopelman_2020_147_AJ,0,pop_11927_4520,55.7522,37.6155,Moscow,Russia,NA,NA,NA,NA
Kopelman_2020_147_AJ,0,pop_11927_4730,55.7522,37.6155,Moscow,Russia,NA,NA,NA,NA
Kopelman_2020_147_AJ,0,pop_11927_4741,55.7522,37.6155,Moscow,Russia,NA,NA,NA,NA
Kopelman_2020_147_AJ,0,pop_11927_4786,55.7522,37.6155,Moscow,Russia,NA,NA,NA,NA
Kopelman2020_240_otherJ,0,pop_11929_179,40.4,-3.6834,Madrid,Spain,NA,NA,NA,NA
Kopelman2020_240_otherJ,0,pop_11929_206,40.4,-3.6834,Madrid,Spain,NA,NA,NA,NA
Kopelman2020_240_otherJ,0,pop_11931_161,15.3547,44.2066,Sanaa,Yemen,NA,NA,NA,NA
Kopelman2020_240_otherJ,0,pop_11931_181,15.3547,44.2066,Sanaa,Yemen,NA,NA,NA,NA
Kopelman2020_240_otherJ,0,pop_11931_205,15.3547,44.2066,Sanaa,Yemen,NA,NA,NA,NA
Kopelman2020_240_otherJ,0,pop_11931_220,15.3547,44.2066,Sanaa,Yemen,NA,NA,NA,NA
Kopelman2020_240_otherJ,0,pop_11931_221,15.3547,44.2066,Sanaa,Yemen,NA,NA,NA,NA
Kopelman2020_240_otherJ,0,pop_11931_226,15.3547,44.2066,Sanaa,Yemen,NA,NA,NA,NA
Kopelman2020_240_otherJ,0,pop_11931_228,15.3547,44.2066,Sanaa,Yemen,NA,NA,NA,NA
Kopelman2020_240_otherJ,0,pop_11931_1156,15.3547,44.2066,Sanaa,Yemen,NA,NA,NA,NA
Kopelman2020_240_otherJ,0,pop_11931_1327,15.3547,44.2066,Sanaa,Yemen,NA,NA,NA,NA
Kopelman2020_240_otherJ,0,pop_11931_1328,15.3547,44.2066,Sanaa,Yemen,NA,NA,NA,NA
Kopelman2020_240_otherJ,0,pop_11931_1334,15.3547,44.2066,Sanaa,Yemen,NA,NA,NA,NA
Kopelman2020_240_otherJ,0,pop_11931_1336,15.3547,44.2066,Sanaa,Yemen,NA,NA,NA,NA
Kopelman2020_240_otherJ,0,pop_11931_1375,15.3547,44.2066,Sanaa,Yemen,NA,NA,NA,NA
Kopelman2020_240_otherJ,0,pop_11931_1416,15.3547,44.2066,Sanaa,Yemen,NA,NA,NA,NA
Kopelman2020_240_otherJ,0,pop_11931_1420,15.3547,44.2066,Sanaa,Yemen,NA,NA,NA,NA
Kopelman2020_240_otherJ,0,pop_11931_1433,15.3547,44.2066,Sanaa,Yemen,NA,NA,NA,NA
Kopelman2020_240_otherJ,0,pop_11931_1435,15.3547,44.2066,Sanaa,Yemen,NA,NA,NA,NA
Kopelman2020_240_otherJ,0,pop_11931_1446,15.3547,44.2066,Sanaa,Yemen,NA,NA,NA,NA
Kopelman2020_240_otherJ,0,pop_11931_1463,15.3547,44.2066,Sanaa,Yemen,NA,NA,NA,NA
Kopelman2020_240_otherJ,0,pop_11931_1519,15.3547,44.2066,Sanaa,Yemen,NA,NA,NA,NA
Kopelman2020_240_otherJ,0,pop_11931_1597,15.3547,44.2066,Sanaa,Yemen,NA,NA,NA,NA
Kopelman2020_240_otherJ,0,pop_11931_1609,15.3547,44.2066,Sanaa,Yemen,NA,NA,NA,NA
Kopelman2020_240_otherJ,0,pop_11931_1660,15.3547,44.2066,Sanaa,Yemen,NA,NA,NA,NA
Kopelman2020_240_otherJ,0,pop_11931_1768,15.3547,44.2066,Sanaa,Yemen,NA,NA,NA,NA
Kopelman2020_240_otherJ,0,pop_11931_1770,15.3547,44.2066,Sanaa,Yemen,NA,NA,NA,NA
Kopelman2020_240_otherJ,0,pop_11931_1953,15.3547,44.2066,Sanaa,Yemen,NA,NA,NA,NA
Kopelman2020_240_otherJ,0,pop_11933_28021,41.3117,69.2949,Tashkent,Uzbekistan,NA,NA,NA,NA
Kopelman2020_240_otherJ,0,pop_11933_28023,41.3117,69.2949,Tashkent,Uzbekistan,NA,NA,NA,NA
Kopelman2020_240_otherJ,0,pop_11933_28024,41.3117,69.2949,Tashkent,Uzbekistan,NA,NA,NA,NA
Kopelman2020_240_otherJ,0,pop_11933_28027,41.3117,69.2949,Tashkent,Uzbekistan,NA,NA,NA,NA
Kopelman2020_240_otherJ,0,pop_11933_28029,41.3117,69.2949,Tashkent,Uzbekistan,NA,NA,NA,NA
Kopelman2020_240_otherJ,0,pop_11933_28030,41.3117,69.2949,Tashkent,Uzbekistan,NA,NA,NA,NA
Kopelman2020_240_otherJ,0,pop_11933_28031,41.3117,69.2949,Tashkent,Uzbekistan,NA,NA,NA,NA
Kopelman2020_240_otherJ,0,pop_11933_28036,41.3117,69.2949,Tashkent,Uzbekistan,NA,NA,NA,NA
Kopelman2020_240_otherJ,0,pop_11933_28037,41.3117,69.2949,Tashkent,Uzbekistan,NA,NA,NA,NA
Kopelman_2020_147_AJ,0,pop_11934_156,47.5,19.0833,Budapest,Hungary,NA,NA,NA,NA
Kopelman_2020_147_AJ,0,pop_11934_1105,47.5,19.0833,Budapest,Hungary,NA,NA,NA,NA
Kopelman_2020_147_AJ,0,pop_11934_1388,47.5,19.0833,Budapest,Hungary,NA,NA,NA,NA
Kopelman_2020_147_AJ,0,pop_11934_1562,47.5,19.0833,Budapest,Hungary,NA,NA,NA,NA
Kopelman_2020_147_AJ,0,pop_11934_1667,47.5,19.0833,Budapest,Hungary,NA,NA,NA,NA
Kopelman_2020_147_AJ,0,pop_11934_1820,47.5,19.0833,Budapest,Hungary,NA,NA,NA,NA
Kopelman_2020_147_AJ,0,pop_11934_4782,47.5,19.0833,Budapest,Hungary,NA,NA,NA,NA
Kopelman_2020_147_AJ,0,pop_11934_5483,47.5,19.0833,Budapest,Hungary,NA,NA,NA,NA
Kopelman_2020_147_AJ,0,pop_11934_5666,47.5,19.0833,Budapest,Hungary,NA,NA,NA,NA
Kopelman_2020_147_AJ,0,pop_11934_5712,47.5,19.0833,Budapest,Hungary,NA,NA,NA,NA
Kopelman_2020_147_AJ,0,pop_11934_5794,47.5,19.0833,Budapest,Hungary,NA,NA,NA,NA
Kopelman_2020_147_AJ,0,pop_11934_5795,47.5,19.0833,Budapest,Hungary,NA,NA,NA,NA
Kopelman_2020_147_AJ,0,pop_11934_6125,47.5,19.0833,Budapest,Hungary,NA,NA,NA,NA
Kopelman_2020_147_AJ,0,pop_11934_6191,47.5,19.0833,Budapest,Hungary,NA,NA,NA,NA
Kopelman_2020_147_AJ,0,pop_11934_6254,47.5,19.0833,Budapest,Hungary,NA,NA,NA,NA
Kopelman_2020_147_AJ,0,pop_11934_6261,47.5,19.0833,Budapest,Hungary,NA,NA,NA,NA
Kopelman_2020_147_AJ,0,pop_11934_6298,47.5,19.0833,Budapest,Hungary,NA,NA,NA,NA
Kopelman_2020_147_AJ,0,pop_11934_6388,47.5,19.0833,Budapest,Hungary,NA,NA,NA,NA
Kopelman_2020_147_AJ,0,pop_11934_6392,47.5,19.0833,Budapest,Hungary,NA,NA,NA,NA
Kopelman_2020_147_AJ,0,pop_11934_6399,47.5,19.0833,Budapest,Hungary,NA,NA,NA,NA
Kopelman_2020_147_AJ,0,pop_11934_6454,47.5,19.0833,Budapest,Hungary,NA,NA,NA,NA
Behar_2013_83_otherJ,AlgeriaJew1561,AlgeriaJew1561,36.7631,3.0506,Algiers,Algeria,NA,NA,NA,NA
Behar_2013_83_otherJ,AlgeriaJew1855,AlgeriaJew1855,36.7631,3.0506,Algiers,Algeria,NA,NA,NA,NA
Behar_2013_83_otherJ,AlgeriaJew4787,AlgeriaJew4787,36.7631,3.0506,Algiers,Algeria,NA,NA,NA,NA
Behar_2013_83_otherJ,AlgeriaJew5183,AlgeriaJew5183,36.7631,3.0506,Algiers,Algeria,NA,NA,NA,NA
Behar_2013_83_otherJ,AlgeriaJew5216,AlgeriaJew5216,36.7631,3.0506,Algiers,Algeria,NA,NA,NA,NA
Behar_2010_20_AJ,ashkenazy1e,ashkenazy1e,53.9,27.5666,Minsk,Belarus,NA,NA,NA,NA
Behar_2010_20_AJ,ashkenazy1w,ashkenazy1w,48.2,16.3666,Vienna,Austria,NA,NA,NA,NA
Behar_2010_20_AJ,ashkenazy2e,ashkenazy2e,53.9,27.5666,Minsk,Belarus,NA,NA,NA,NA
Behar_2010_20_AJ,ashkenazy2w,ashkenazy2w,48.2,16.3666,Vienna,Austria,NA,NA,NA,NA
Behar_2010_20_AJ,ashkenazy3e,ashkenazy3e,56.95,24.1,Riga,Latvia,NA,NA,NA,NA
Behar_2010_20_AJ,ashkenazy3w,ashkenazy3w,48.2,16.3666,Vienna,Austria,NA,NA,NA,NA
Behar_2010_20_AJ,ashkenazy4e,ashkenazy4e,54.6834,25.3166,Vilnius,Lithuania,NA,NA,NA,NA
Behar_2010_101_otherJ,ashkenazy4w,ashkenazy4w,48.8667,2.3333,Paris,France,NA,NA,NA,NA
Behar_2010_20_AJ,ashkenazy5e,ashkenazy5e,56.95,24.1,Riga,Latvia,NA,NA,NA,NA
Behar_2010_20_AJ,ashkenazy6w,ashkenazy6w,52.5218,13.4015,Berlin,Germany,NA,NA,NA,NA
Behar_2010_20_AJ,ashkenazy7e,ashkenazy7e,52.25,21,Warsaw,Poland,NA,NA,NA,NA
Behar_2010_20_AJ,ashkenazy7w,ashkenazy7w,52.5218,13.4015,Berlin,Germany,NA,NA,NA,NA
Behar_2010_20_AJ,ashkenazy8e,ashkenazy8e,52.25,21,Warsaw,Poland,NA,NA,NA,NA
Behar_2010_20_AJ,ashkenazy8w,ashkenazy8w,52.35,4.9166,Amsterdam,Netherlands,NA,NA,NA,NA
Behar_2010_20_AJ,ashkenazy9e,ashkenazy9e,52.25,21,Warsaw,Poland,NA,NA,NA,NA
Behar_2010_20_AJ,ashkenazy9w,ashkenazy9w,52.35,4.9166,Amsterdam,Netherlands,NA,NA,NA,NA
Behar_2010_20_AJ,ashkenazy10e,ashkenazy10e,55.7522,37.6155,Moscow,Russia,NA,NA,NA,NA
Behar_2010_20_AJ,ashkenazy10w,ashkenazy10w,52.35,4.9166,Amsterdam,Netherlands,NA,NA,NA,NA
Behar_2010_101_otherJ,AzerbJew204,AzerbJew204,40.3953,49.8622,Baku,Azerbaijan,NA,NA,NA,NA
Behar_2010_101_otherJ,AzerbJew210,AzerbJew210,40.3953,49.8622,Baku,Azerbaijan,NA,NA,NA,NA
Behar_2010_101_otherJ,AzerbJew213,AzerbJew213,40.3953,49.8622,Baku,Azerbaijan,NA,NA,NA,NA
Behar_2010_101_otherJ,AzerbJew218,AzerbJew218,40.3953,49.8622,Baku,Azerbaijan,NA,NA,NA,NA
Behar_2010_101_otherJ,eth_jew1,eth_jew1,9.0333,38.7,Addis Ababa,Ethiopia,NA,NA,NA,NA
Behar_2010_101_otherJ,eth_jew2,eth_jew2,9.0333,38.7,Addis Ababa,Ethiopia,NA,NA,NA,NA
Behar_2010_101_otherJ,eth_jew3,eth_jew3,9.0333,38.7,Addis Ababa,Ethiopia,NA,NA,NA,NA
Behar_2010_101_otherJ,eth_jew4,eth_jew4,9.0333,38.7,Addis Ababa,Ethiopia,NA,NA,NA,NA
Behar_2010_101_otherJ,eth_jew5,eth_jew5,9.0333,38.7,Addis Ababa,Ethiopia,NA,NA,NA,NA
Behar_2010_101_otherJ,eth_jew6,eth_jew6,9.0333,38.7,Addis Ababa,Ethiopia,NA,NA,NA,NA
Behar_2010_101_otherJ,eth_jew7,eth_jew7,9.0333,38.7,Addis Ababa,Ethiopia,NA,NA,NA,NA
Behar_2010_101_otherJ,eth_jew8,eth_jew8,9.0333,38.7,Addis Ababa,Ethiopia,NA,NA,NA,NA
Behar_2010_101_otherJ,eth_jew10,eth_jew10,9.0333,38.7,Addis Ababa,Ethiopia,NA,NA,NA,NA
Behar_2010_101_otherJ,eth_jew11,eth_jew11,9.0333,38.7,Addis Ababa,Ethiopia,NA,NA,NA,NA
Behar_2010_101_otherJ,eth_jew12,eth_jew12,9.0333,38.7,Addis Ababa,Ethiopia,NA,NA,NA,NA
Behar_2010_101_otherJ,eth_jew13,eth_jew13,9.0333,38.7,Addis Ababa,Ethiopia,NA,NA,NA,NA
Behar_2010_101_otherJ,eth_jew14,eth_jew14,9.0333,38.7,Addis Ababa,Ethiopia,NA,NA,NA,NA
Behar_2013_83_otherJ,FranceJewF38,FranceJewF38,48.8667,2.3333,Paris,France,NA,NA,NA,NA
Behar_2013_83_otherJ,FranceJewF39,FranceJewF39,48.8667,2.3333,Paris,France,NA,NA,NA,NA
Behar_2013_83_otherJ,FranceJewF48,FranceJewF48,48.8667,2.3333,Paris,France,NA,NA,NA,NA
Behar_2013_83_otherJ,FranceJewF50,FranceJewF50,48.8667,2.3333,Paris,France,NA,NA,NA,NA
Behar_2013_83_otherJ,FranceJewF58,FranceJewF58,48.8667,2.3333,Paris,France,NA,NA,NA,NA
Behar_2013_83_otherJ,FranceJewF59,FranceJewF59,48.8667,2.3333,Paris,France,NA,NA,NA,NA
Behar_2010_101_otherJ,GeorgJew105,GeorgJew105,41.725,44.7908,Tbilisi,Georgia(country),NA,NA,NA,NA
Behar_2010_101_otherJ,GeorgJew111,GeorgJew111,41.725,44.7908,Tbilisi,Georgia(country),NA,NA,NA,NA
Behar_2010_101_otherJ,GeorgJew125,GeorgJew125,41.725,44.7908,Tbilisi,Georgia(country),NA,NA,NA,NA
Behar_2010_101_otherJ,GeorgJew141,GeorgJew141,41.725,44.7908,Tbilisi,Georgia(country),NA,NA,NA,NA
Behar_2010_101_otherJ,GeorgJewtat2,GeorgJewtat2,41.725,44.7908,Tbilisi,Georgia(country),NA,NA,NA,NA
Behar_2010_101_otherJ,GeorgJewtat14,GeorgJewtat14,41.725,44.7908,Tbilisi,Georgia(country),NA,NA,NA,NA
Behar_2010_101_otherJ,GeorgJewtat16,GeorgJewtat16,41.725,44.7908,Tbilisi,Georgia(country),NA,NA,NA,NA
Behar_2010_101_otherJ,GeorgJewtat17,GeorgJewtat17,41.725,44.7908,Tbilisi,Georgia(country),NA,NA,NA,NA
Behar_2013_83_otherJ,GRC12118082,GRC12118082,33.3386,44.3939,Baghdad,Iraq,NA,NA,NA,NA
Behar_2013_1_AJ,GRC12118085,GRC12118085,52.25,21,Warsaw,Poland,NA,NA,NA,NA
Behar_2013_83_otherJ,GRC12118086,GRC12118086,15.3547,44.2066,Sanaa,Yemen,NA,NA,NA,NA
Behar_2013_83_otherJ,GRC12118087,GRC12118087,15.3547,44.2066,Sanaa,Yemen,NA,NA,NA,NA
Behar_2013_83_otherJ,GRC12118089,GRC12118089,41.3117,69.2949,Tashkent,Uzbekistan,NA,NA,NA,NA
Behar_2013_83_otherJ,GRC12118091,GRC12118091,8.5,76.95,Thiruvananthapuram,India,NA,NA,NA,NA
Behar_2013_83_otherJ,GRC12118092,GRC12118092,9.0333,38.7,Addis Ababa,Ethiopia,NA,NA,NA,NA
Behar_2013_83_otherJ,GRC12118094,GRC12118094,19.017,72.857,Mumbai,India,NA,NA,NA,NA
Behar_2013_83_otherJ,GRC12118095,GRC12118095,15.3547,44.2066,Sanaa,Yemen,NA,NA,NA,NA
Behar_2013_83_otherJ,GRC12118096,GRC12118096,8.5,76.95,Thiruvananthapuram,India,NA,NA,NA,NA
Behar_2013_83_otherJ,GRC12118097,GRC12118097,39.9272,32.8644,Ankara,Turkey,NA,NA,NA,NA
Behar_2013_83_otherJ,GRC12118098,GRC12118098,34.0253,-6.8361,Rabat,Morocco,NA,NA,NA,NA
Behar_2013_83_otherJ,GRC12118100,GRC12118100,36.345,43.145,Mosul,Iraq,NA,NA,NA,NA
Behar_2013_83_otherJ,GRC12118101,GRC12118101,35.6719,51.4243,Tehran,Iran,NA,NA,NA,NA
Behar_2013_83_otherJ,GRC12118102,GRC12118102,33.3386,44.3939,Baghdad,Iraq,NA,NA,NA,NA
Behar_2013_83_otherJ,GRC12118103,GRC12118103,34.0253,-6.8361,Rabat,Morocco,NA,NA,NA,NA
Behar_2013_83_otherJ,GRC12118104,GRC12118104,34.0253,-6.8361,Rabat,Morocco,NA,NA,NA,NA
Behar_2013_83_otherJ,GRC12118106,GRC12118106,19.017,72.857,Mumbai,India,NA,NA,NA,NA
Behar_2013_83_otherJ,GRC12118107,GRC12118107,41.725,44.7908,Tbilisi,Georgia(country),NA,NA,NA,NA
Behar_2013_83_otherJ,GRC12118108,GRC12118108,41.725,44.7908,Tbilisi,Georgia(country),NA,NA,NA,NA
Behar_2013_83_otherJ,GRC12118109,GRC12118109,41.3117,69.2949,Tashkent,Uzbekistan,NA,NA,NA,NA
Behar_2013_83_otherJ,GRC12118111,GRC12118111,8.5,76.95,Thiruvananthapuram,India,NA,NA,NA,NA
Behar_2013_83_otherJ,GRC12118113,GRC12118113,9.0333,38.7,Addis Ababa,Ethiopia,NA,NA,NA,NA
Behar_2013_83_otherJ,GRC12118114,GRC12118114,40.3953,49.8622,Baku,Azerbaijan,NA,NA,NA,NA
Behar_2013_83_otherJ,GRC12118115,GRC12118115,41.3117,69.2949,Tashkent,Uzbekistan,NA,NA,NA,NA
Behar_2013_83_otherJ,GRC12118116,GRC12118116,40.3953,49.8622,Baku,Azerbaijan,NA,NA,NA,NA
Behar_2013_83_otherJ,GRC12118117,GRC12118117,48.8667,2.3333,Paris,France,NA,NA,NA,NA
Behar_2013_83_otherJ,GRC12118119,GRC12118119,9.0333,38.7,Addis Ababa,Ethiopia,NA,NA,NA,NA
Behar_2013_83_otherJ,GRC12118121,GRC12118121,35.6719,51.4243,Tehran,Iran,NA,NA,NA,NA
Behar_2013_83_otherJ,GRC12118122,GRC12118122,39.9272,32.8644,Ankara,Turkey,NA,NA,NA,NA
Behar_2013_83_otherJ,GRC12118123,GRC12118123,40.3953,49.8622,Baku,Azerbaijan,NA,NA,NA,NA
Behar_2013_83_otherJ,GRC12118125,GRC12118125,41.725,44.7908,Tbilisi,Georgia(country),NA,NA,NA,NA
Behar_2013_83_otherJ,GRC12118128,GRC12118128,39.9272,32.8644,Ankara,Turkey,NA,NA,NA,NA
Behar_2013_83_otherJ,GRC12118129,GRC12118129,33.3386,44.3939,Baghdad,Iraq,NA,NA,NA,NA
Behar_2010_101_otherJ,Indian_Jew_1,Indian_Jew_1,8.5,76.95,Thiruvananthapuram,India,NA,NA,NA,NA
Behar_2010_101_otherJ,Indian_Jew_2,Indian_Jew_2,8.5,76.95,Thiruvananthapuram,India,NA,NA,NA,NA
Behar_2010_101_otherJ,Indian_Jew_3,Indian_Jew_3,8.5,76.95,Thiruvananthapuram,India,NA,NA,NA,NA
Behar_2010_101_otherJ,Indian_Jew_4,Indian_Jew_4,8.5,76.95,Thiruvananthapuram,India,NA,NA,NA,NA
Behar_2010_101_otherJ,Indian_Jew_5,Indian_Jew_5,19.017,72.857,Mumbai,India,NA,NA,NA,NA
Behar_2010_101_otherJ,Indian_Jew_6,Indian_Jew_6,19.017,72.857,Mumbai,India,NA,NA,NA,NA
Behar_2010_101_otherJ,Indian_Jew_7,Indian_Jew_7,19.017,72.857,Mumbai,India,NA,NA,NA,NA
Behar_2010_101_otherJ,Indian_Jew_8,Indian_Jew_8,19.017,72.857,Mumbai,India,NA,NA,NA,NA
Behar_2013_83_otherJ,IranJew1409,IranJew1409,35.6719,51.4243,Tehran,Iran,NA,NA,NA,NA
Behar_2013_83_otherJ,IranJew1419,IranJew1419,35.6719,51.4243,Tehran,Iran,NA,NA,NA,NA
Behar_2013_83_otherJ,IranJew1425,IranJew1425,35.6719,51.4243,Tehran,Iran,NA,NA,NA,NA
Behar_2013_83_otherJ,IranJew1557,IranJew1557,35.6719,51.4243,Tehran,Iran,NA,NA,NA,NA
Behar_2013_83_otherJ,IranJew4485,IranJew4485,35.6719,51.4243,Tehran,Iran,NA,NA,NA,NA
Behar_2013_83_otherJ,IranJew4685,IranJew4685,35.6719,51.4243,Tehran,Iran,NA,NA,NA,NA
Behar_2010_101_otherJ,iran_jew1,iran_jew1,35.6719,51.4243,Tehran,Iran,NA,NA,NA,NA
Behar_2010_101_otherJ,iran_jew2,iran_jew2,35.6719,51.4243,Tehran,Iran,NA,NA,NA,NA
Behar_2010_101_otherJ,iran_jew3,iran_jew3,35.6719,51.4243,Tehran,Iran,NA,NA,NA,NA
Behar_2010_101_otherJ,iran_jew4,iran_jew4,35.6719,51.4243,Tehran,Iran,NA,NA,NA,NA
Behar_2010_101_otherJ,iraq_jew1,iraq_jew1,33.3386,44.3939,Baghdad,Iraq,NA,NA,NA,NA
Behar_2010_101_otherJ,iraq_jew2,iraq_jew2,33.3386,44.3939,Baghdad,Iraq,NA,NA,NA,NA
Behar_2010_101_otherJ,iraq_jew3,iraq_jew3,33.3386,44.3939,Baghdad,Iraq,NA,NA,NA,NA
Behar_2010_101_otherJ,iraq_jew4,iraq_jew4,33.3386,44.3939,Baghdad,Iraq,NA,NA,NA,NA
Behar_2010_101_otherJ,iraq_jew5,iraq_jew5,33.3386,44.3939,Baghdad,Iraq,NA,NA,NA,NA
Behar_2010_101_otherJ,iraq_jew6,iraq_jew6,33.3386,44.3939,Baghdad,Iraq,NA,NA,NA,NA
Behar_2010_101_otherJ,iraq_jew7,iraq_jew7,33.3386,44.3939,Baghdad,Iraq,NA,NA,NA,NA
Behar_2010_101_otherJ,iraq_jew8,iraq_jew8,33.3386,44.3939,Baghdad,Iraq,NA,NA,NA,NA
Behar_2010_101_otherJ,iraq_jew9,iraq_jew9,33.3386,44.3939,Baghdad,Iraq,NA,NA,NA,NA
Behar_2010_101_otherJ,iraq_jew10,iraq_jew10,33.3386,44.3939,Baghdad,Iraq,NA,NA,NA,NA
Behar_2010_101_otherJ,iraq_jew11,iraq_jew11,33.3386,44.3939,Baghdad,Iraq,NA,NA,NA,NA
Behar_2013_83_otherJ,ItalyJew1,ItalyJew1,41.896,12.4833,Rome,Italy,NA,NA,NA,NA
Behar_2013_83_otherJ,ItalyJew2,ItalyJew2,41.896,12.4833,Rome,Italy,NA,NA,NA,NA
Behar_2013_83_otherJ,ItalyJew3,ItalyJew3,41.896,12.4833,Rome,Italy,NA,NA,NA,NA
Behar_2013_83_otherJ,ItalyJew4,ItalyJew4,41.896,12.4833,Rome,Italy,NA,NA,NA,NA
Behar_2013_83_otherJ,ItalyJew5,ItalyJew5,41.896,12.4833,Rome,Italy,NA,NA,NA,NA
Behar_2013_83_otherJ,ItalyJew6,ItalyJew6,41.896,12.4833,Rome,Italy,NA,NA,NA,NA
Behar_2013_83_otherJ,ItalyJew7,ItalyJew7,41.896,12.4833,Rome,Italy,NA,NA,NA,NA
Behar_2013_83_otherJ,ItalyJew8,ItalyJew8,41.896,12.4833,Rome,Italy,NA,NA,NA,NA
Behar_2013_83_otherJ,ItalyJew9,ItalyJew9,41.896,12.4833,Rome,Italy,NA,NA,NA,NA
Behar_2013_83_otherJ,ItalyJew10,ItalyJew10,41.896,12.4833,Rome,Italy,NA,NA,NA,NA
Behar_2013_83_otherJ,KurdJew856,KurdJew856,36.345,43.145,Mosul,Iraq,NA,NA,NA,NA
Behar_2013_83_otherJ,KurdJew1551,KurdJew1551,36.345,43.145,Mosul,Iraq,NA,NA,NA,NA
Behar_2013_83_otherJ,KurdJew1580,KurdJew1580,36.345,43.145,Mosul,Iraq,NA,NA,NA,NA
Behar_2013_83_otherJ,KurdJew1592,KurdJew1592,36.345,43.145,Mosul,Iraq,NA,NA,NA,NA
Behar_2013_83_otherJ,KurdJew1824,KurdJew1824,36.345,43.145,Mosul,Iraq,NA,NA,NA,NA
Behar_2013_83_otherJ,KurdJew4573,KurdJew4573,36.345,43.145,Mosul,Iraq,NA,NA,NA,NA
Behar_2013_83_otherJ,KurdJew4633,KurdJew4633,36.345,43.145,Mosul,Iraq,NA,NA,NA,NA
Behar_2013_83_otherJ,KurdJew4663,KurdJew4663,36.345,43.145,Mosul,Iraq,NA,NA,NA,NA
Behar_2013_83_otherJ,KurdJew4689,KurdJew4689,36.345,43.145,Mosul,Iraq,NA,NA,NA,NA
Behar_2013_83_otherJ,LibyaJew1405,LibyaJew1405,32.8925,13.18,Tripoli,Libya,NA,NA,NA,NA
Behar_2013_83_otherJ,LibyaJew1439,LibyaJew1439,32.8925,13.18,Tripoli,Libya,NA,NA,NA,NA
Behar_2013_83_otherJ,LibyaJew1465,LibyaJew1465,32.8925,13.18,Tripoli,Libya,NA,NA,NA,NA
Behar_2013_83_otherJ,LibyaJew1579,LibyaJew1579,32.8925,13.18,Tripoli,Libya,NA,NA,NA,NA
Behar_2013_83_otherJ,LibyaJew1605,LibyaJew1605,32.8925,13.18,Tripoli,Libya,NA,NA,NA,NA
Behar_2013_83_otherJ,LibyaJew1611,LibyaJew1611,32.8925,13.18,Tripoli,Libya,NA,NA,NA,NA
Behar_2010_101_otherJ,MorJew2001,MorJew2001,34.0253,-6.8361,Rabat,Morocco,NA,NA,NA,NA
Behar_2010_101_otherJ,Morocco_Jew_1,Morocco_Jew_1,34.0253,-6.8361,Rabat,Morocco,NA,NA,NA,NA
Behar_2010_101_otherJ,Morocco_Jew_2,Morocco_Jew_2,34.0253,-6.8361,Rabat,Morocco,NA,NA,NA,NA
Behar_2010_101_otherJ,Morocco_Jew_3,Morocco_Jew_3,34.0253,-6.8361,Rabat,Morocco,NA,NA,NA,NA
Behar_2010_101_otherJ,Morocco_Jew_4,Morocco_Jew_4,34.0253,-6.8361,Rabat,Morocco,NA,NA,NA,NA
Behar_2010_101_otherJ,Morocco_Jew_5,Morocco_Jew_5,34.0253,-6.8361,Rabat,Morocco,NA,NA,NA,NA
Behar_2010_101_otherJ,Morocco_Jew_6,Morocco_Jew_6,34.0253,-6.8361,Rabat,Morocco,NA,NA,NA,NA
Behar_2010_101_otherJ,Morocco_Jew_7,Morocco_Jew_7,34.0253,-6.8361,Rabat,Morocco,NA,NA,NA,NA
Behar_2010_101_otherJ,Morocco_Jew_8,Morocco_Jew_8,34.0253,-6.8361,Rabat,Morocco,NA,NA,NA,NA
Behar_2010_101_otherJ,Morocco_Jew_9,Morocco_Jew_9,34.0253,-6.8361,Rabat,Morocco,NA,NA,NA,NA
Behar_2010_101_otherJ,Morocco_Jew_10,Morocco_Jew_10,34.0253,-6.8361,Rabat,Morocco,NA,NA,NA,NA
Behar_2010_101_otherJ,Morocco_Jew_11,Morocco_Jew_11,34.0253,-6.8361,Rabat,Morocco,NA,NA,NA,NA
Behar_2010_101_otherJ,Morocco_Jew_12,Morocco_Jew_12,34.0253,-6.8361,Rabat,Morocco,NA,NA,NA,NA
Behar_2010_101_otherJ,Morocco_Jew_13,Morocco_Jew_13,34.0253,-6.8361,Rabat,Morocco,NA,NA,NA,NA
Behar_2010_101_otherJ,Morocco_Jew_14,Morocco_Jew_14,34.0253,-6.8361,Rabat,Morocco,NA,NA,NA,NA
Behar_2010_101_otherJ,Morocco_Jew_15,Morocco_Jew_15,34.0253,-6.8361,Rabat,Morocco,NA,NA,NA,NA
Behar_2010_20_AJ,Romanian_Jew_1,Romanian_Jew_1,44.4334,26.0999,Bucharest,Romania,NA,NA,NA,NA
Behar_2010_20_AJ,Romanian_Jew_2,Romanian_Jew_2,44.4334,26.0999,Bucharest,Romania,NA,NA,NA,NA
Behar_2010_20_AJ,Romanian_Jew_3,Romanian_Jew_3,44.4334,26.0999,Bucharest,Romania,NA,NA,NA,NA
Behar_2010_101_otherJ,sephardic1tur,sephardic1tur,39.9272,32.8644,Ankara,Turkey,NA,NA,NA,NA
Behar_2010_101_otherJ,sephardic2tur,sephardic2tur,39.9272,32.8644,Ankara,Turkey,NA,NA,NA,NA
Behar_2010_101_otherJ,sephardic3tur,sephardic3tur,39.9272,32.8644,Ankara,Turkey,NA,NA,NA,NA
Behar_2010_101_otherJ,sephardic4tur,sephardic4tur,39.9272,32.8644,Ankara,Turkey,NA,NA,NA,NA
Behar_2010_101_otherJ,sephardic5tur,sephardic5tur,39.9272,32.8644,Ankara,Turkey,NA,NA,NA,NA
Behar_2010_101_otherJ,sephardic6tur,sephardic6tur,39.9272,32.8644,Ankara,Turkey,NA,NA,NA,NA
Behar_2010_101_otherJ,sephardic7tur,sephardic7tur,39.9272,32.8644,Ankara,Turkey,NA,NA,NA,NA
Behar_2010_101_otherJ,sephardic8tur,sephardic8tur,39.9272,32.8644,Ankara,Turkey,NA,NA,NA,NA
Behar_2010_101_otherJ,sephardic9tur,sephardic9tur,39.9272,32.8644,Ankara,Turkey,NA,NA,NA,NA
Behar_2010_101_otherJ,sephardic10tur,sephardic10tur,39.9272,32.8644,Ankara,Turkey,NA,NA,NA,NA
Behar_2010_101_otherJ,sephardic11bel,sephardic11bel,40.3585,-7.35139,Belmonte,Portugal,NA,NA,NA,NA
Behar_2010_101_otherJ,sephardic12bul,sephardic12bul,42.6833,23.3167,Sofia,Bulgaria,NA,NA,NA,NA
Behar_2010_101_otherJ,sephardic13bul,sephardic13bul,42.6833,23.3167,Sofia,Bulgaria,NA,NA,NA,NA
Behar_2010_101_otherJ,sephardic14bul,sephardic14bul,42.6833,23.3167,Sofia,Bulgaria,NA,NA,NA,NA
Behar_2010_101_otherJ,sephardic15bul,sephardic15bul,42.6833,23.3167,Sofia,Bulgaria,NA,NA,NA,NA
Behar_2010_101_otherJ,sephardic16bul,sephardic16bul,42.6833,23.3167,Sofia,Bulgaria,NA,NA,NA,NA
Behar_2010_101_otherJ,sephardic17bul,sephardic17bul,42.6833,23.3167,Sofia,Bulgaria,NA,NA,NA,NA
Behar_2010_101_otherJ,sephardic18bul,sephardic18bul,42.6833,23.3167,Sofia,Bulgaria,NA,NA,NA,NA
Behar_2010_101_otherJ,sephardic19bul,sephardic19bul,42.6833,23.3167,Sofia,Bulgaria,NA,NA,NA,NA
Behar_2013_83_otherJ,SyriaJewK6,SyriaJewK6,35.9304,39.02,Ar Raqqah,Syria,NA,NA,NA,NA
Behar_2013_83_otherJ,SyriaJewSY06,SyriaJewSY06,33.5,36.3,Damascus,Syria,NA,NA,NA,NA
Behar_2013_83_otherJ,TunisiaJew1118,TunisiaJew1118,36.8028,10.1797,Tunis,Tunisia,NA,NA,NA,NA
Behar_2013_83_otherJ,TunisiaJew1421,TunisiaJew1421,36.8028,10.1797,Tunis,Tunisia,NA,NA,NA,NA
Behar_2013_83_otherJ,TunisiaJew1511,TunisiaJew1511,36.8028,10.1797,Tunis,Tunisia,NA,NA,NA,NA
Behar_2013_83_otherJ,TunisiaJew1544,TunisiaJew1544,36.8028,10.1797,Tunis,Tunisia,NA,NA,NA,NA
Behar_2013_83_otherJ,TunisiaJew5200,TunisiaJew5200,36.8028,10.1797,Tunis,Tunisia,NA,NA,NA,NA
Behar_2013_83_otherJ,TunisiaJew6074,TunisiaJew6074,36.8028,10.1797,Tunis,Tunisia,NA,NA,NA,NA
Behar_2010_101_otherJ,Uzbekistan_Jew_1,Uzbekistan_Jew_1,41.3117,69.2949,Tashkent,Uzbekistan,NA,NA,NA,NA
Behar_2010_101_otherJ,Uzbekistan_Jew_2,Uzbekistan_Jew_2,41.3117,69.2949,Tashkent,Uzbekistan,NA,NA,NA,NA
Behar_2010_101_otherJ,Yemen_Jew_1,Yemen_Jew_1,15.3547,44.2066,Sanaa,Yemen,NA,NA,NA,NA
Behar_2010_101_otherJ,Yemen_Jew_2,Yemen_Jew_2,15.3547,44.2066,Sanaa,Yemen,NA,NA,NA,NA
Behar_2010_101_otherJ,Yemen_Jew_3,Yemen_Jew_3,15.3547,44.2066,Sanaa,Yemen,NA,NA,NA,NA
Behar_2010_101_otherJ,Yemen_Jew_4,Yemen_Jew_4,15.3547,44.2066,Sanaa,Yemen,NA,NA,NA,NA
Behar_2010_101_otherJ,Yemen_Jew_5,Yemen_Jew_5,15.3547,44.2066,Sanaa,Yemen,NA,NA,NA,NA
Behar_2010_101_otherJ,Yemen_Jew_6,Yemen_Jew_6,15.3547,44.2066,Sanaa,Yemen,NA,NA,NA,NA
Behar_2010_101_otherJ,Yemen_Jew_7,Yemen_Jew_7,15.3547,44.2066,Sanaa,Yemen,NA,NA,NA,NA
Behar_2010_101_otherJ,Yemen_Jew_8,Yemen_Jew_8,15.3547,44.2066,Sanaa,Yemen,NA,NA,NA,NA
Behar_2010_101_otherJ,Yemen_Jew_9,Yemen_Jew_9,15.3547,44.2066,Sanaa,Yemen,NA,NA,NA,NA
Behar_2010_101_otherJ,Yemen_Jew_10,Yemen_Jew_10,15.3547,44.2066,Sanaa,Yemen,NA,NA,NA,NA
Behar_2010_101_otherJ,Yemen_Jew_11,Yemen_Jew_11,15.3547,44.2066,Sanaa,Yemen,NA,NA,NA,NA
Behar_2010_101_otherJ,Yemen_Jew_12,Yemen_Jew_12,15.3547,44.2066,Sanaa,Yemen,NA,NA,NA,NA
Behar_2010_101_otherJ,Yemen_Jew_13,Yemen_Jew_13,15.3547,44.2066,Sanaa,Yemen,NA,NA,NA,NA
Behar_2010_101_otherJ,Yemen_Jew_14,Yemen_Jew_14,15.3547,44.2066,Sanaa,Yemen,NA,NA,NA,NA
Behar_2010_101_otherJ,Yemen_Jew_15,Yemen_Jew_15,15.3547,44.2066,Sanaa,Yemen,NA,NA,NA,NA
Gladstein2019_343AJ,single-Austria-sample,121,48.2,16.3666,Vienna,Austria,NA,NA,NA,NA
Gladstein2019_343AJ,single-Austria-sample,122,48.2,16.3666,Vienna,Austria,NA,NA,NA,NA
Gladstein2019_343AJ,single-Belarus-sample,108,53.9,27.5666,Minsk,Belarus,NA,NA,NA,NA
Gladstein2019_343AJ,single-Belarus-sample,109,53.9,27.5666,Minsk,Belarus,NA,NA,NA,NA
Gladstein2019_343AJ,single-Belarus-sample,110,53.9,27.5666,Minsk,Belarus,NA,NA,NA,NA
Gladstein2019_343AJ,single-Belarus-sample,111,53.9,27.5666,Minsk,Belarus,NA,NA,NA,NA
Gladstein2019_343AJ,single-Belarus-sample,112,53.9,27.5666,Minsk,Belarus,NA,NA,NA,NA
Gladstein2019_343AJ,single-Belarus-sample,113,53.9,27.5666,Minsk,Belarus,NA,NA,NA,NA
Gladstein2019_343AJ,single-Belarus-sample,114,53.9,27.5666,Minsk,Belarus,NA,NA,NA,NA
Gladstein2019_343AJ,single-Belarus-sample,115,53.9,27.5666,Minsk,Belarus,NA,NA,NA,NA
Gladstein2019_343AJ,single-Belarus-sample,116,53.9,27.5666,Minsk,Belarus,NA,NA,NA,NA
Gladstein2019_343AJ,single-Belarus-sample,117,53.9,27.5666,Minsk,Belarus,NA,NA,NA,NA
Gladstein2019_343AJ,single-Belarus-sample,118,53.9,27.5666,Minsk,Belarus,NA,NA,NA,NA
Gladstein2019_343AJ,single-Belarus-sample,119,53.9,27.5666,Minsk,Belarus,NA,NA,NA,NA
Gladstein2019_343AJ,single-Belarus-sample,120,53.9,27.5666,Minsk,Belarus,NA,NA,NA,NA
Gladstein2019_343AJ,single-Czechia-sample,105,50.0833,14.4665,Prague,Czechia,NA,NA,NA,NA
Gladstein2019_343AJ,single-Czechia-sample,106,50.0833,14.4665,Prague,Czechia,NA,NA,NA,NA
Gladstein2019_343AJ,single-Czechia-sample,107,50.0833,14.4665,Prague,Czechia,NA,NA,NA,NA
Gladstein2019_343AJ,single-Germany-sample,93,52.5218,13.4015,Berlin,Germany,NA,NA,NA,NA
Gladstein2019_343AJ,single-Germany-sample,94,52.5218,13.4015,Berlin,Germany,NA,NA,NA,NA
Gladstein2019_343AJ,single-Germany-sample,95,52.5218,13.4015,Berlin,Germany,NA,NA,NA,NA
Gladstein2019_343AJ,single-Germany-sample,96,52.5218,13.4015,Berlin,Germany,NA,NA,NA,NA
Gladstein2019_343AJ,single-Germany-sample,97,52.5218,13.4015,Berlin,Germany,NA,NA,NA,NA
Gladstein2019_343AJ,single-Germany-sample,98,52.5218,13.4015,Berlin,Germany,NA,NA,NA,NA
Gladstein2019_343AJ,single-Germany-sample,99,52.5218,13.4015,Berlin,Germany,NA,NA,NA,NA
Gladstein2019_343AJ,single-Germany-sample,100,52.5218,13.4015,Berlin,Germany,NA,NA,NA,NA
Gladstein2019_343AJ,single-Germany-sample,101,52.5218,13.4015,Berlin,Germany,NA,NA,NA,NA
Gladstein2019_343AJ,single-Germany-sample,102,52.5218,13.4015,Berlin,Germany,NA,NA,NA,NA
Gladstein2019_343AJ,single-Germany-sample,103,52.5218,13.4015,Berlin,Germany,NA,NA,NA,NA
Gladstein2019_343AJ,single-Germany-sample,104,52.5218,13.4015,Berlin,Germany,NA,NA,NA,NA
Gladstein2019_343AJ,single-Hungary-sample,88,47.5,19.0833,Budapest,Hungary,NA,NA,NA,NA
Gladstein2019_343AJ,single-Hungary-sample,89,47.5,19.0833,Budapest,Hungary,NA,NA,NA,NA
Gladstein2019_343AJ,single-Hungary-sample,90,47.5,19.0833,Budapest,Hungary,NA,NA,NA,NA
Gladstein2019_343AJ,single-Hungary-sample,91,47.5,19.0833,Budapest,Hungary,NA,NA,NA,NA
Gladstein2019_343AJ,single-Hungary-sample,92,47.5,19.0833,Budapest,Hungary,NA,NA,NA,NA
Gladstein2019_343AJ,single-Lithuania-sample,77,54.6834,25.3166,Vilnius,Lithuania,NA,NA,NA,NA
Gladstein2019_343AJ,single-Lithuania-sample,78,54.6834,25.3166,Vilnius,Lithuania,NA,NA,NA,NA
Gladstein2019_343AJ,single-Lithuania-sample,79,54.6834,25.3166,Vilnius,Lithuania,NA,NA,NA,NA
Gladstein2019_343AJ,single-Lithuania-sample,80,54.6834,25.3166,Vilnius,Lithuania,NA,NA,NA,NA
Gladstein2019_343AJ,single-Lithuania-sample,81,54.6834,25.3166,Vilnius,Lithuania,NA,NA,NA,NA
Gladstein2019_343AJ,single-Lithuania-sample,82,54.6834,25.3166,Vilnius,Lithuania,NA,NA,NA,NA
Gladstein2019_343AJ,single-Lithuania-sample,83,54.6834,25.3166,Vilnius,Lithuania,NA,NA,NA,NA
Gladstein2019_343AJ,single-Lithuania-sample,84,54.6834,25.3166,Vilnius,Lithuania,NA,NA,NA,NA
Gladstein2019_343AJ,single-Lithuania-sample,85,54.6834,25.3166,Vilnius,Lithuania,NA,NA,NA,NA
Gladstein2019_343AJ,single-Lithuania-sample,86,54.6834,25.3166,Vilnius,Lithuania,NA,NA,NA,NA
Gladstein2019_343AJ,single-Lithuania-sample,87,54.6834,25.3166,Vilnius,Lithuania,NA,NA,NA,NA
Gladstein2019_343AJ,single-Moldova-sample,1,47.005,28.8577,Chisinau,Moldova,NA,NA,NA,NA
Gladstein2019_343AJ,single-Poland-sample,42,52.25,21,Warsaw,Poland,NA,NA,NA,NA
Gladstein2019_343AJ,single-Poland-sample,43,52.25,21,Warsaw,Poland,NA,NA,NA,NA
Gladstein2019_343AJ,single-Poland-sample,44,52.25,21,Warsaw,Poland,NA,NA,NA,NA
Gladstein2019_343AJ,single-Poland-sample,45,52.25,21,Warsaw,Poland,NA,NA,NA,NA
Gladstein2019_343AJ,single-Poland-sample,46,52.25,21,Warsaw,Poland,NA,NA,NA,NA
Gladstein2019_343AJ,single-Poland-sample,47,52.25,21,Warsaw,Poland,NA,NA,NA,NA
Gladstein2019_343AJ,single-Poland-sample,48,52.25,21,Warsaw,Poland,NA,NA,NA,NA
Gladstein2019_343AJ,single-Poland-sample,49,52.25,21,Warsaw,Poland,NA,NA,NA,NA
Gladstein2019_343AJ,single-Poland-sample,50,52.25,21,Warsaw,Poland,NA,NA,NA,NA
Gladstein2019_343AJ,single-Poland-sample,51,52.25,21,Warsaw,Poland,NA,NA,NA,NA
Gladstein2019_343AJ,single-Poland-sample,52,52.25,21,Warsaw,Poland,NA,NA,NA,NA
Gladstein2019_343AJ,single-Poland-sample,53,52.25,21,Warsaw,Poland,NA,NA,NA,NA
Gladstein2019_343AJ,single-Poland-sample,54,52.25,21,Warsaw,Poland,NA,NA,NA,NA
Gladstein2019_343AJ,single-Poland-sample,55,52.25,21,Warsaw,Poland,NA,NA,NA,NA
Gladstein2019_343AJ,single-Poland-sample,56,52.25,21,Warsaw,Poland,NA,NA,NA,NA
Gladstein2019_343AJ,single-Poland-sample,57,52.25,21,Warsaw,Poland,NA,NA,NA,NA
Gladstein2019_343AJ,single-Poland-sample,58,52.25,21,Warsaw,Poland,NA,NA,NA,NA
Gladstein2019_343AJ,single-Poland-sample,59,52.25,21,Warsaw,Poland,NA,NA,NA,NA
Gladstein2019_343AJ,single-Poland-sample,60,52.25,21,Warsaw,Poland,NA,NA,NA,NA
Gladstein2019_343AJ,single-Poland-sample,61,52.25,21,Warsaw,Poland,NA,NA,NA,NA
Gladstein2019_343AJ,single-Poland-sample,62,52.25,21,Warsaw,Poland,NA,NA,NA,NA
Gladstein2019_343AJ,single-Poland-sample,63,52.25,21,Warsaw,Poland,NA,NA,NA,NA
Gladstein2019_343AJ,single-Poland-sample,64,52.25,21,Warsaw,Poland,NA,NA,NA,NA
Gladstein2019_343AJ,single-Poland-sample,65,52.25,21,Warsaw,Poland,NA,NA,NA,NA
Gladstein2019_343AJ,single-Poland-sample,66,52.25,21,Warsaw,Poland,NA,NA,NA,NA
Gladstein2019_343AJ,single-Poland-sample,67,52.25,21,Warsaw,Poland,NA,NA,NA,NA
Gladstein2019_343AJ,single-Poland-sample,68,52.25,21,Warsaw,Poland,NA,NA,NA,NA
Gladstein2019_343AJ,single-Poland-sample,69,52.25,21,Warsaw,Poland,NA,NA,NA,NA
Gladstein2019_343AJ,single-Poland-sample,70,52.25,21,Warsaw,Poland,NA,NA,NA,NA
Gladstein2019_343AJ,single-Poland-sample,71,52.25,21,Warsaw,Poland,NA,NA,NA,NA
Gladstein2019_343AJ,single-Poland-sample,72,52.25,21,Warsaw,Poland,NA,NA,NA,NA
Gladstein2019_343AJ,single-Poland-sample,73,52.25,21,Warsaw,Poland,NA,NA,NA,NA
Gladstein2019_343AJ,single-Poland-sample,74,52.25,21,Warsaw,Poland,NA,NA,NA,NA
Gladstein2019_343AJ,single-Poland-sample,75,52.25,21,Warsaw,Poland,NA,NA,NA,NA
Gladstein2019_343AJ,single-Poland-sample,76,52.25,21,Warsaw,Poland,NA,NA,NA,NA
Gladstein2019_343AJ,single-Romania-sample,38,44.4334,26.0999,Bucharest,Romania,NA,NA,NA,NA
Gladstein2019_343AJ,single-Romania-sample,39,44.4334,26.0999,Bucharest,Romania,NA,NA,NA,NA
Gladstein2019_343AJ,single-Romania-sample,40,44.4334,26.0999,Bucharest,Romania,NA,NA,NA,NA
Gladstein2019_343AJ,single-Romania-sample,41,44.4334,26.0999,Bucharest,Romania,NA,NA,NA,NA
Gladstein2019_343AJ,single-Russia-sample,26,55.7522,37.6155,Moscow,Russia,NA,NA,NA,NA
Gladstein2019_343AJ,single-Russia-sample,27,55.7522,37.6155,Moscow,Russia,NA,NA,NA,NA
Gladstein2019_343AJ,single-Russia-sample,28,55.7522,37.6155,Moscow,Russia,NA,NA,NA,NA
Gladstein2019_343AJ,single-Russia-sample,29,55.7522,37.6155,Moscow,Russia,NA,NA,NA,NA
Gladstein2019_343AJ,single-Russia-sample,30,55.7522,37.6155,Moscow,Russia,NA,NA,NA,NA
Gladstein2019_343AJ,single-Russia-sample,31,55.7522,37.6155,Moscow,Russia,NA,NA,NA,NA
Gladstein2019_343AJ,single-Russia-sample,32,55.7522,37.6155,Moscow,Russia,NA,NA,NA,NA
Gladstein2019_343AJ,single-Russia-sample,33,55.7522,37.6155,Moscow,Russia,NA,NA,NA,NA
Gladstein2019_343AJ,single-Russia-sample,34,55.7522,37.6155,Moscow,Russia,NA,NA,NA,NA
Gladstein2019_343AJ,single-Russia-sample,35,55.7522,37.6155,Moscow,Russia,NA,NA,NA,NA
Gladstein2019_343AJ,single-Russia-sample,36,55.7522,37.6155,Moscow,Russia,NA,NA,NA,NA
Gladstein2019_343AJ,single-Russia-sample,37,55.7522,37.6155,Moscow,Russia,NA,NA,NA,NA
Gladstein2019_343AJ,single-Slovakia-sample,25,48.15,17.117,Bratislava,Slovakia,NA,NA,NA,NA
Gladstein2019_343AJ,single-Ukraine-sample,2,50.4334,30.5166,Kiev,Ukraine,NA,NA,NA,NA
Gladstein2019_343AJ,single-Ukraine-sample,3,50.4334,30.5166,Kiev,Ukraine,NA,NA,NA,NA
Gladstein2019_343AJ,single-Ukraine-sample,4,50.4334,30.5166,Kiev,Ukraine,NA,NA,NA,NA
Gladstein2019_343AJ,single-Ukraine-sample,5,50.4334,30.5166,Kiev,Ukraine,NA,NA,NA,NA
Gladstein2019_343AJ,single-Ukraine-sample,6,50.4334,30.5166,Kiev,Ukraine,NA,NA,NA,NA
Gladstein2019_343AJ,single-Ukraine-sample,7,50.4334,30.5166,Kiev,Ukraine,NA,NA,NA,NA
Gladstein2019_343AJ,single-Ukraine-sample,8,50.4334,30.5166,Kiev,Ukraine,NA,NA,NA,NA
Gladstein2019_343AJ,single-Ukraine-sample,9,50.4334,30.5166,Kiev,Ukraine,NA,NA,NA,NA
Gladstein2019_343AJ,single-Ukraine-sample,10,50.4334,30.5166,Kiev,Ukraine,NA,NA,NA,NA
Gladstein2019_343AJ,single-Ukraine-sample,11,50.4334,30.5166,Kiev,Ukraine,NA,NA,NA,NA
Gladstein2019_343AJ,single-Ukraine-sample,12,50.4334,30.5166,Kiev,Ukraine,NA,NA,NA,NA
Gladstein2019_343AJ,single-Ukraine-sample,13,50.4334,30.5166,Kiev,Ukraine,NA,NA,NA,NA
Gladstein2019_343AJ,single-Ukraine-sample,14,50.4334,30.5166,Kiev,Ukraine,NA,NA,NA,NA
Gladstein2019_343AJ,single-Ukraine-sample,15,50.4334,30.5166,Kiev,Ukraine,NA,NA,NA,NA
Gladstein2019_343AJ,single-Ukraine-sample,16,50.4334,30.5166,Kiev,Ukraine,NA,NA,NA,NA
Gladstein2019_343AJ,single-Ukraine-sample,17,50.4334,30.5166,Kiev,Ukraine,NA,NA,NA,NA
Gladstein2019_343AJ,single-Ukraine-sample,18,50.4334,30.5166,Kiev,Ukraine,NA,NA,NA,NA
Gladstein2019_343AJ,single-Ukraine-sample,19,50.4334,30.5166,Kiev,Ukraine,NA,NA,NA,NA
Gladstein2019_343AJ,single-Ukraine-sample,20,50.4334,30.5166,Kiev,Ukraine,NA,NA,NA,NA
Gladstein2019_343AJ,single-Ukraine-sample,21,50.4334,30.5166,Kiev,Ukraine,NA,NA,NA,NA
Gladstein2019_343AJ,single-Ukraine-sample,22,50.4334,30.5166,Kiev,Ukraine,NA,NA,NA,NA
Gladstein2019_343AJ,single-Ukraine-sample,23,50.4334,30.5166,Kiev,Ukraine,NA,NA,NA,NA
Gladstein2019_343AJ,single-Ukraine-sample,24,50.4334,30.5166,Kiev,Ukraine,NA,NA,NA,NA
Gladstein2019_343AJ,Austria-Germany_GRC10046889,Austria-Germany_GRC10046889,48.2,16.3666,Vienna,Austria,52.5218,13.4015,Berlin,Germany
Gladstein2019_343AJ,Austria-Hungary_GRC001864,Austria-Hungary_GRC001864,48.2,16.3666,Vienna,Austria,47.5,19.0833,Budapest,Hungary
Gladstein2019_343AJ,Austria-Lithuania_GRC022172,Austria-Lithuania_GRC022172,48.2,16.3666,Vienna,Austria,54.6834,25.3166,Vilnius,Lithuania
Gladstein2019_343AJ,Austria-Russia_GRC10035469,Austria-Russia_GRC10035469,48.2,16.3666,Vienna,Austria,55.7522,37.6155,Moscow,Russia
Gladstein2019_343AJ,Belarus-Austria_GRC10038878,Belarus-Austria_GRC10038878,53.9,27.5666,Minsk,Belarus,48.2,16.3666,Vienna,Austria
Gladstein2019_343AJ,Belarus-Lithuania_GRC10035203,Belarus-Lithuania_GRC10035203,53.9,27.5666,Minsk,Belarus,54.6834,25.3166,Vilnius,Lithuania
Gladstein2019_343AJ,Belarus-Lithuania_GRC10035906,Belarus-Lithuania_GRC10035906,53.9,27.5666,Minsk,Belarus,54.6834,25.3166,Vilnius,Lithuania
Gladstein2019_343AJ,Belarus-Lithuania_GRC10038865,Belarus-Lithuania_GRC10038865,53.9,27.5666,Minsk,Belarus,54.6834,25.3166,Vilnius,Lithuania
Gladstein2019_343AJ,Belarus-Lithuania_GRC10039085,Belarus-Lithuania_GRC10039085,53.9,27.5666,Minsk,Belarus,54.6834,25.3166,Vilnius,Lithuania
Gladstein2019_343AJ,Belarus-Lithuania_GRC10042586,Belarus-Lithuania_GRC10042586,53.9,27.5666,Minsk,Belarus,54.6834,25.3166,Vilnius,Lithuania
Gladstein2019_343AJ,Belarus-Lithuania_GRC11060892,Belarus-Lithuania_GRC11060892,53.9,27.5666,Minsk,Belarus,54.6834,25.3166,Vilnius,Lithuania
Gladstein2019_343AJ,Belarus-Lithuania_GRC11075162,Belarus-Lithuania_GRC11075162,53.9,27.5666,Minsk,Belarus,54.6834,25.3166,Vilnius,Lithuania
Gladstein2019_343AJ,Belarus-Poland_GRC000494,Belarus-Poland_GRC000494,53.9,27.5666,Minsk,Belarus,52.25,21,Warsaw,Poland
Gladstein2019_343AJ,Belarus-Poland_GRC010927,Belarus-Poland_GRC010927,53.9,27.5666,Minsk,Belarus,52.25,21,Warsaw,Poland
Gladstein2019_343AJ,Belarus-Poland_GRC013187,Belarus-Poland_GRC013187,53.9,27.5666,Minsk,Belarus,52.25,21,Warsaw,Poland
Gladstein2019_343AJ,Belarus-Poland_GRC10033082,Belarus-Poland_GRC10033082,53.9,27.5666,Minsk,Belarus,52.25,21,Warsaw,Poland
Gladstein2019_343AJ,Belarus-Poland_GRC10034129,Belarus-Poland_GRC10034129,53.9,27.5666,Minsk,Belarus,52.25,21,Warsaw,Poland
Gladstein2019_343AJ,Belarus-Poland_GRC10035687,Belarus-Poland_GRC10035687,53.9,27.5666,Minsk,Belarus,52.25,21,Warsaw,Poland
Gladstein2019_343AJ,Belarus-Poland_GRC10037134,Belarus-Poland_GRC10037134,53.9,27.5666,Minsk,Belarus,52.25,21,Warsaw,Poland
Gladstein2019_343AJ,Belarus-Poland_GRC10039650,Belarus-Poland_GRC10039650,53.9,27.5666,Minsk,Belarus,52.25,21,Warsaw,Poland
Gladstein2019_343AJ,Belarus-Poland_GRC10047375,Belarus-Poland_GRC10047375,53.9,27.5666,Minsk,Belarus,52.25,21,Warsaw,Poland
Gladstein2019_343AJ,Belarus-Poland_GRC11051137,Belarus-Poland_GRC11051137,53.9,27.5666,Minsk,Belarus,52.25,21,Warsaw,Poland
Gladstein2019_343AJ,Belarus-Poland_GRC11060489,Belarus-Poland_GRC11060489,53.9,27.5666,Minsk,Belarus,52.25,21,Warsaw,Poland
Gladstein2019_343AJ,Belarus-Poland_GRC11061631,Belarus-Poland_GRC11061631,53.9,27.5666,Minsk,Belarus,52.25,21,Warsaw,Poland
Gladstein2019_343AJ,Belarus-Poland_GRC11066268,Belarus-Poland_GRC11066268,53.9,27.5666,Minsk,Belarus,52.25,21,Warsaw,Poland
Gladstein2019_343AJ,Belarus-Romania_GRC012514,Belarus-Romania_GRC012514,53.9,27.5666,Minsk,Belarus,44.4334,26.0999,Bucharest,Romania
Gladstein2019_343AJ,Belarus-Romania_GRC018079,Belarus-Romania_GRC018079,53.9,27.5666,Minsk,Belarus,44.4334,26.0999,Bucharest,Romania
Gladstein2019_343AJ,Belarus-Romania_GRC028465,Belarus-Romania_GRC028465,53.9,27.5666,Minsk,Belarus,44.4334,26.0999,Bucharest,Romania
Gladstein2019_343AJ,Belarus-Romania_GRC10036849,Belarus-Romania_GRC10036849,53.9,27.5666,Minsk,Belarus,44.4334,26.0999,Bucharest,Romania
Gladstein2019_343AJ,Belarus-Ukraine_GRC020576,Belarus-Ukraine_GRC020576,53.9,27.5666,Minsk,Belarus,50.4334,30.5166,Kiev,Ukraine
Gladstein2019_343AJ,Belarus-Ukraine_GRC031001,Belarus-Ukraine_GRC031001,53.9,27.5666,Minsk,Belarus,50.4334,30.5166,Kiev,Ukraine
Gladstein2019_343AJ,Belarus-Ukraine_GRC10033552,Belarus-Ukraine_GRC10033552,53.9,27.5666,Minsk,Belarus,50.4334,30.5166,Kiev,Ukraine
Gladstein2019_343AJ,Belarus-Ukraine_GRC10038675,Belarus-Ukraine_GRC10038675,53.9,27.5666,Minsk,Belarus,50.4334,30.5166,Kiev,Ukraine
Gladstein2019_343AJ,Czechia-Germany_GRC11057877,Czechia-Germany_GRC11057877,50.0833,14.4665,Prague,Czechia,52.5218,13.4015,Berlin,Germany
Gladstein2019_343AJ,Czechia-Germany_GRC11060738,Czechia-Germany_GRC11060738,50.0833,14.4665,Prague,Czechia,52.5218,13.4015,Berlin,Germany
Gladstein2019_343AJ,Czechia-Slovakia_GRC11049916,Czechia-Slovakia_GRC11049916,50.0833,14.4665,Prague,Czechia,48.15,17.117,Bratislava,Slovakia
Gladstein2019_343AJ,France-Russia_GRC006246,France-Russia_GRC006246,48.8667,2.3333,Paris,France,55.7522,37.6155,Moscow,Russia
Gladstein2019_343AJ,Germany-Belarus_GRC000967,Germany-Belarus_GRC000967,52.5218,13.4015,Berlin,Germany,53.9,27.5666,Minsk,Belarus
Gladstein2019_343AJ,Germany-Belarus_GRC013196,Germany-Belarus_GRC013196,52.5218,13.4015,Berlin,Germany,53.9,27.5666,Minsk,Belarus
Gladstein2019_343AJ,Germany-Czechia_GRC12079921,Germany-Czechia_GRC12079921,52.5218,13.4015,Berlin,Germany,50.0833,14.4665,Prague,Czechia
Gladstein2019_343AJ,Germany-Hungary_GRC002776,Germany-Hungary_GRC002776,52.5218,13.4015,Berlin,Germany,47.5,19.0833,Budapest,Hungary
Gladstein2019_343AJ,Germany-Lithuania_GRC10044609,Germany-Lithuania_GRC10044609,52.5218,13.4015,Berlin,Germany,54.6834,25.3166,Vilnius,Lithuania
Gladstein2019_343AJ,Germany-Lithuania_GRC11050909,Germany-Lithuania_GRC11050909,52.5218,13.4015,Berlin,Germany,54.6834,25.3166,Vilnius,Lithuania
Gladstein2019_343AJ,Germany-Poland_GRC000530,Germany-Poland_GRC000530,52.5218,13.4015,Berlin,Germany,52.25,21,Warsaw,Poland
Gladstein2019_343AJ,Germany-Poland_GRC10036744,Germany-Poland_GRC10036744,52.5218,13.4015,Berlin,Germany,52.25,21,Warsaw,Poland
Gladstein2019_343AJ,Germany-Poland_GRC11062006,Germany-Poland_GRC11062006,52.5218,13.4015,Berlin,Germany,52.25,21,Warsaw,Poland
Gladstein2019_343AJ,Germany-Poland_GRC11066180,Germany-Poland_GRC11066180,52.5218,13.4015,Berlin,Germany,52.25,21,Warsaw,Poland
Gladstein2019_343AJ,Germany-Russia_GRC10042695,Germany-Russia_GRC10042695,52.5218,13.4015,Berlin,Germany,55.7522,37.6155,Moscow,Russia
Gladstein2019_343AJ,Hungary-Belarus_GRC002221,Hungary-Belarus_GRC002221,47.5,19.0833,Budapest,Hungary,53.9,27.5666,Minsk,Belarus
Gladstein2019_343AJ,Hungary-Belarus_GRC013090,Hungary-Belarus_GRC013090,47.5,19.0833,Budapest,Hungary,53.9,27.5666,Minsk,Belarus
Gladstein2019_343AJ,Hungary-Czechia_GRC010415,Hungary-Czechia_GRC010415,47.5,19.0833,Budapest,Hungary,50.0833,14.4665,Prague,Czechia
Gladstein2019_343AJ,Hungary-Latvia_GRC000388,Hungary-Latvia_GRC000388,47.5,19.0833,Budapest,Hungary,56.95,24.1,Riga,Latvia
Gladstein2019_343AJ,Hungary-Poland_GRC000493,Hungary-Poland_GRC000493,47.5,19.0833,Budapest,Hungary,52.25,21,Warsaw,Poland
Gladstein2019_343AJ,Hungary-Poland_GRC006889,Hungary-Poland_GRC006889,47.5,19.0833,Budapest,Hungary,52.25,21,Warsaw,Poland
Gladstein2019_343AJ,Hungary-Poland_GRC012343,Hungary-Poland_GRC012343,47.5,19.0833,Budapest,Hungary,52.25,21,Warsaw,Poland
Gladstein2019_343AJ,Hungary-Russia_GRC11051641,Hungary-Russia_GRC11051641,47.5,19.0833,Budapest,Hungary,55.7522,37.6155,Moscow,Russia
Gladstein2019_343AJ,Hungary-Ukraine_GRC11066178,Hungary-Ukraine_GRC11066178,47.5,19.0833,Budapest,Hungary,50.4334,30.5166,Kiev,Ukraine
Gladstein2019_343AJ,Latvia-Austria_GRC11056128,Latvia-Austria_GRC11056128,56.95,24.1,Riga,Latvia,48.2,16.3666,Vienna,Austria
Gladstein2019_343AJ,Latvia-Belarus_GRC000173,Latvia-Belarus_GRC000173,56.95,24.1,Riga,Latvia,53.9,27.5666,Minsk,Belarus
Gladstein2019_343AJ,Latvia-Belarus_GRC006396,Latvia-Belarus_GRC006396,56.95,24.1,Riga,Latvia,53.9,27.5666,Minsk,Belarus
Gladstein2019_343AJ,Latvia-Germany_GRC10040209,Latvia-Germany_GRC10040209,56.95,24.1,Riga,Latvia,52.5218,13.4015,Berlin,Germany
Gladstein2019_343AJ,Latvia-Hungary_GRC10037460,Latvia-Hungary_GRC10037460,56.95,24.1,Riga,Latvia,47.5,19.0833,Budapest,Hungary
Gladstein2019_343AJ,Latvia-Lithuania_GRC11058057,Latvia-Lithuania_GRC11058057,56.95,24.1,Riga,Latvia,54.6834,25.3166,Vilnius,Lithuania
Gladstein2019_343AJ,Latvia-Lithuania_GRC11066177,Latvia-Lithuania_GRC11066177,56.95,24.1,Riga,Latvia,54.6834,25.3166,Vilnius,Lithuania
Gladstein2019_343AJ,Latvia-Russia_GRC005057,Latvia-Russia_GRC005057,56.95,24.1,Riga,Latvia,55.7522,37.6155,Moscow,Russia
Gladstein2019_343AJ,Latvia-Ukraine_GRC017694,Latvia-Ukraine_GRC017694,56.95,24.1,Riga,Latvia,50.4334,30.5166,Kiev,Ukraine
Gladstein2019_343AJ,Latvia-Ukraine_GRC025288,Latvia-Ukraine_GRC025288,56.95,24.1,Riga,Latvia,50.4334,30.5166,Kiev,Ukraine
Gladstein2019_343AJ,Latvia-Uzbekistan_GRC004803,Latvia-Uzbekistan_GRC004803,56.95,24.1,Riga,Latvia,41.3117,69.2949,Tashkent,Uzbekistan
Gladstein2019_343AJ,Lithuania-Austria_GRC030951,Lithuania-Austria_GRC030951,54.6834,25.3166,Vilnius,Lithuania,48.2,16.3666,Vienna,Austria
Gladstein2019_343AJ,Lithuania-Belarus_GRC010759,Lithuania-Belarus_GRC010759,54.6834,25.3166,Vilnius,Lithuania,53.9,27.5666,Minsk,Belarus
Gladstein2019_343AJ,Lithuania-Belarus_GRC010996,Lithuania-Belarus_GRC010996,54.6834,25.3166,Vilnius,Lithuania,53.9,27.5666,Minsk,Belarus
Gladstein2019_343AJ,Lithuania-Belarus_GRC029738,Lithuania-Belarus_GRC029738,54.6834,25.3166,Vilnius,Lithuania,53.9,27.5666,Minsk,Belarus
Gladstein2019_343AJ,Lithuania-Belarus_GRC031696,Lithuania-Belarus_GRC031696,54.6834,25.3166,Vilnius,Lithuania,53.9,27.5666,Minsk,Belarus
Gladstein2019_343AJ,Lithuania-Belarus_GRC11066183,Lithuania-Belarus_GRC11066183,54.6834,25.3166,Vilnius,Lithuania,53.9,27.5666,Minsk,Belarus
Gladstein2019_343AJ,Lithuania-Germany_GRC10046357,Lithuania-Germany_GRC10046357,54.6834,25.3166,Vilnius,Lithuania,52.5218,13.4015,Berlin,Germany
Gladstein2019_343AJ,Lithuania-Latvia_GRC10034417,Lithuania-Latvia_GRC10034417,54.6834,25.3166,Vilnius,Lithuania,56.95,24.1,Riga,Latvia
Gladstein2019_343AJ,Lithuania-Latvia_GRC11055203,Lithuania-Latvia_GRC11055203,54.6834,25.3166,Vilnius,Lithuania,56.95,24.1,Riga,Latvia
Gladstein2019_343AJ,Lithuania-Moldova_GRC10036361,Lithuania-Moldova_GRC10036361,54.6834,25.3166,Vilnius,Lithuania,47.005,28.8577,Chisinau,Moldova
Gladstein2019_343AJ,Lithuania-Poland_GRC013536,Lithuania-Poland_GRC013536,54.6834,25.3166,Vilnius,Lithuania,52.25,21,Warsaw,Poland
Gladstein2019_343AJ,Lithuania-Poland_GRC029228,Lithuania-Poland_GRC029228,54.6834,25.3166,Vilnius,Lithuania,52.25,21,Warsaw,Poland
Gladstein2019_343AJ,Lithuania-Poland_GRC10041813,Lithuania-Poland_GRC10041813,54.6834,25.3166,Vilnius,Lithuania,52.25,21,Warsaw,Poland
Gladstein2019_343AJ,Lithuania-Poland_GRC10041988,Lithuania-Poland_GRC10041988,54.6834,25.3166,Vilnius,Lithuania,52.25,21,Warsaw,Poland
Gladstein2019_343AJ,Lithuania-Poland_GRC10044615,Lithuania-Poland_GRC10044615,54.6834,25.3166,Vilnius,Lithuania,52.25,21,Warsaw,Poland
Gladstein2019_343AJ,Lithuania-Poland_GRC10046609,Lithuania-Poland_GRC10046609,54.6834,25.3166,Vilnius,Lithuania,52.25,21,Warsaw,Poland
Gladstein2019_343AJ,Lithuania-Poland_GRC11051949,Lithuania-Poland_GRC11051949,54.6834,25.3166,Vilnius,Lithuania,52.25,21,Warsaw,Poland
Gladstein2019_343AJ,Lithuania-Poland_GRC11055035,Lithuania-Poland_GRC11055035,54.6834,25.3166,Vilnius,Lithuania,52.25,21,Warsaw,Poland
Gladstein2019_343AJ,Lithuania-Poland_GRC11059358,Lithuania-Poland_GRC11059358,54.6834,25.3166,Vilnius,Lithuania,52.25,21,Warsaw,Poland
Gladstein2019_343AJ,Lithuania-Poland_GRC11066388,Lithuania-Poland_GRC11066388,54.6834,25.3166,Vilnius,Lithuania,52.25,21,Warsaw,Poland
Gladstein2019_343AJ,Lithuania-Poland_GRC11071050,Lithuania-Poland_GRC11071050,54.6834,25.3166,Vilnius,Lithuania,52.25,21,Warsaw,Poland
Gladstein2019_343AJ,Lithuania-Russia_GRC019221,Lithuania-Russia_GRC019221,54.6834,25.3166,Vilnius,Lithuania,55.7522,37.6155,Moscow,Russia
Gladstein2019_343AJ,Lithuania-Russia_GRC10042152,Lithuania-Russia_GRC10042152,54.6834,25.3166,Vilnius,Lithuania,55.7522,37.6155,Moscow,Russia
Gladstein2019_343AJ,Lithuania-Russia_GRC10046510,Lithuania-Russia_GRC10046510,54.6834,25.3166,Vilnius,Lithuania,55.7522,37.6155,Moscow,Russia
Gladstein2019_343AJ,Lithuania-Russia_GRC10046817,Lithuania-Russia_GRC10046817,54.6834,25.3166,Vilnius,Lithuania,55.7522,37.6155,Moscow,Russia
Gladstein2019_343AJ,Lithuania-Russia_GRC11058049,Lithuania-Russia_GRC11058049,54.6834,25.3166,Vilnius,Lithuania,55.7522,37.6155,Moscow,Russia
Gladstein2019_343AJ,Lithuania-Russia_GRC11058052,Lithuania-Russia_GRC11058052,54.6834,25.3166,Vilnius,Lithuania,55.7522,37.6155,Moscow,Russia
Gladstein2019_343AJ,Lithuania-Ukraine_GRC000432,Lithuania-Ukraine_GRC000432,54.6834,25.3166,Vilnius,Lithuania,50.4334,30.5166,Kiev,Ukraine
Gladstein2019_343AJ,Lithuania-Ukraine_GRC010930,Lithuania-Ukraine_GRC010930,54.6834,25.3166,Vilnius,Lithuania,50.4334,30.5166,Kiev,Ukraine
Gladstein2019_343AJ,Lithuania-Ukraine_GRC025455,Lithuania-Ukraine_GRC025455,54.6834,25.3166,Vilnius,Lithuania,50.4334,30.5166,Kiev,Ukraine
Gladstein2019_343AJ,Lithuania-Ukraine_GRC028802,Lithuania-Ukraine_GRC028802,54.6834,25.3166,Vilnius,Lithuania,50.4334,30.5166,Kiev,Ukraine
Gladstein2019_343AJ,Lithuania-Ukraine_GRC10035758,Lithuania-Ukraine_GRC10035758,54.6834,25.3166,Vilnius,Lithuania,50.4334,30.5166,Kiev,Ukraine
Gladstein2019_343AJ,Lithuania-Ukraine_GRC11066182,Lithuania-Ukraine_GRC11066182,54.6834,25.3166,Vilnius,Lithuania,50.4334,30.5166,Kiev,Ukraine
Gladstein2019_343AJ,Lithuania-Ukraine_GRC11066200,Lithuania-Ukraine_GRC11066200,54.6834,25.3166,Vilnius,Lithuania,50.4334,30.5166,Kiev,Ukraine
Gladstein2019_343AJ,Moldova-Belarus_GRC10043040,Moldova-Belarus_GRC10043040,47.005,28.8577,Chisinau,Moldova,53.9,27.5666,Minsk,Belarus
Gladstein2019_343AJ,Moldova-Lithuania_GRC10040787,Moldova-Lithuania_GRC10040787,47.005,28.8577,Chisinau,Moldova,54.6834,25.3166,Vilnius,Lithuania
Gladstein2019_343AJ,Moldova-Poland_GRC10037142,Moldova-Poland_GRC10037142,47.005,28.8577,Chisinau,Moldova,52.25,21,Warsaw,Poland
Gladstein2019_343AJ,Moldova-Russia_GRC10032925,Moldova-Russia_GRC10032925,47.005,28.8577,Chisinau,Moldova,55.7522,37.6155,Moscow,Russia
Gladstein2019_343AJ,Poland-Austria_GRC11054854,Poland-Austria_GRC11054854,52.25,21,Warsaw,Poland,48.2,16.3666,Vienna,Austria
Gladstein2019_343AJ,Poland-Austria_GRC11058947,Poland-Austria_GRC11058947,52.25,21,Warsaw,Poland,48.2,16.3666,Vienna,Austria
Gladstein2019_343AJ,Poland-Belarus_GRC10039694,Poland-Belarus_GRC10039694,52.25,21,Warsaw,Poland,53.9,27.5666,Minsk,Belarus
Gladstein2019_343AJ,Poland-Germany_GRC000528,Poland-Germany_GRC000528,52.25,21,Warsaw,Poland,52.5218,13.4015,Berlin,Germany
Gladstein2019_343AJ,Poland-Germany_GRC11066192,Poland-Germany_GRC11066192,52.25,21,Warsaw,Poland,52.5218,13.4015,Berlin,Germany
Gladstein2019_343AJ,Poland-Hungary_GRC013145,Poland-Hungary_GRC013145,52.25,21,Warsaw,Poland,47.5,19.0833,Budapest,Hungary
Gladstein2019_343AJ,Poland-Hungary_GRC018930,Poland-Hungary_GRC018930,52.25,21,Warsaw,Poland,47.5,19.0833,Budapest,Hungary
Gladstein2019_343AJ,Poland-Hungary_GRC020064,Poland-Hungary_GRC020064,52.25,21,Warsaw,Poland,47.5,19.0833,Budapest,Hungary
Gladstein2019_343AJ,Poland-Hungary_GRC027271,Poland-Hungary_GRC027271,52.25,21,Warsaw,Poland,47.5,19.0833,Budapest,Hungary
Gladstein2019_343AJ,Poland-Hungary_GRC11051654,Poland-Hungary_GRC11051654,52.25,21,Warsaw,Poland,47.5,19.0833,Budapest,Hungary
Gladstein2019_343AJ,Poland-Hungary_GRC11056621,Poland-Hungary_GRC11056621,52.25,21,Warsaw,Poland,47.5,19.0833,Budapest,Hungary
Gladstein2019_343AJ,Poland-Latvia_GRC000936,Poland-Latvia_GRC000936,52.25,21,Warsaw,Poland,56.95,24.1,Riga,Latvia
Gladstein2019_343AJ,Poland-Latvia_GRC10041100,Poland-Latvia_GRC10041100,52.25,21,Warsaw,Poland,56.95,24.1,Riga,Latvia
Gladstein2019_343AJ,Poland-Latvia_GRC10041101,Poland-Latvia_GRC10041101,52.25,21,Warsaw,Poland,56.95,24.1,Riga,Latvia
Gladstein2019_343AJ,Poland-Lithuania_GRC029981,Poland-Lithuania_GRC029981,52.25,21,Warsaw,Poland,54.6834,25.3166,Vilnius,Lithuania
Gladstein2019_343AJ,Poland-Lithuania_GRC10042585,Poland-Lithuania_GRC10042585,52.25,21,Warsaw,Poland,54.6834,25.3166,Vilnius,Lithuania
Gladstein2019_343AJ,Poland-Lithuania_GRC11049750,Poland-Lithuania_GRC11049750,52.25,21,Warsaw,Poland,54.6834,25.3166,Vilnius,Lithuania
Gladstein2019_343AJ,Poland-Lithuania_GRC11059688,Poland-Lithuania_GRC11059688,52.25,21,Warsaw,Poland,54.6834,25.3166,Vilnius,Lithuania
Gladstein2019_343AJ,Poland-Lithuania_GRC11066166,Poland-Lithuania_GRC11066166,52.25,21,Warsaw,Poland,54.6834,25.3166,Vilnius,Lithuania
Gladstein2019_343AJ,Poland-Lithuania_GRC11066277,Poland-Lithuania_GRC11066277,52.25,21,Warsaw,Poland,54.6834,25.3166,Vilnius,Lithuania
Gladstein2019_343AJ,Poland-Romania_GRC000958,Poland-Romania_GRC000958,52.25,21,Warsaw,Poland,44.4334,26.0999,Bucharest,Romania
Gladstein2019_343AJ,Poland-Romania_GRC004691,Poland-Romania_GRC004691,52.25,21,Warsaw,Poland,44.4334,26.0999,Bucharest,Romania
Gladstein2019_343AJ,Poland-Romania_GRC030052,Poland-Romania_GRC030052,52.25,21,Warsaw,Poland,44.4334,26.0999,Bucharest,Romania
Gladstein2019_343AJ,Poland-Romania_GRC10034271,Poland-Romania_GRC10034271,52.25,21,Warsaw,Poland,44.4334,26.0999,Bucharest,Romania
Gladstein2019_343AJ,Poland-Romania_GRC10041863,Poland-Romania_GRC10041863,52.25,21,Warsaw,Poland,44.4334,26.0999,Bucharest,Romania
Gladstein2019_343AJ,Poland-Romania_GRC10043669,Poland-Romania_GRC10043669,52.25,21,Warsaw,Poland,44.4334,26.0999,Bucharest,Romania
Gladstein2019_343AJ,Poland-Romania_GRC11060940,Poland-Romania_GRC11060940,52.25,21,Warsaw,Poland,44.4334,26.0999,Bucharest,Romania
Gladstein2019_343AJ,Poland-Russia_GRC001558,Poland-Russia_GRC001558,52.25,21,Warsaw,Poland,55.7522,37.6155,Moscow,Russia
Gladstein2019_343AJ,Poland-Russia_GRC013246,Poland-Russia_GRC013246,52.25,21,Warsaw,Poland,55.7522,37.6155,Moscow,Russia
Gladstein2019_343AJ,Poland-Russia_GRC029265,Poland-Russia_GRC029265,52.25,21,Warsaw,Poland,55.7522,37.6155,Moscow,Russia
Gladstein2019_343AJ,Poland-Russia_GRC10038182,Poland-Russia_GRC10038182,52.25,21,Warsaw,Poland,55.7522,37.6155,Moscow,Russia
Gladstein2019_343AJ,Poland-Russia_GRC10042717,Poland-Russia_GRC10042717,52.25,21,Warsaw,Poland,55.7522,37.6155,Moscow,Russia
Gladstein2019_343AJ,Poland-Russia_GRC10047971,Poland-Russia_GRC10047971,52.25,21,Warsaw,Poland,55.7522,37.6155,Moscow,Russia
Gladstein2019_343AJ,Poland-Russia_GRC11057868,Poland-Russia_GRC11057868,52.25,21,Warsaw,Poland,55.7522,37.6155,Moscow,Russia
Gladstein2019_343AJ,Poland-Slovakia_GRC024983,Poland-Slovakia_GRC024983,52.25,21,Warsaw,Poland,48.15,17.117,Bratislava,Slovakia
Gladstein2019_343AJ,Poland-Slovakia_GRC10043786,Poland-Slovakia_GRC10043786,52.25,21,Warsaw,Poland,48.15,17.117,Bratislava,Slovakia
Gladstein2019_343AJ,Poland-Ukraine_GRC002165,Poland-Ukraine_GRC002165,52.25,21,Warsaw,Poland,50.4334,30.5166,Kiev,Ukraine
Gladstein2019_343AJ,Poland-Ukraine_GRC010971,Poland-Ukraine_GRC010971,52.25,21,Warsaw,Poland,50.4334,30.5166,Kiev,Ukraine
Gladstein2019_343AJ,Poland-Ukraine_GRC011794,Poland-Ukraine_GRC011794,52.25,21,Warsaw,Poland,50.4334,30.5166,Kiev,Ukraine
Gladstein2019_343AJ,Poland-Ukraine_GRC027471,Poland-Ukraine_GRC027471,52.25,21,Warsaw,Poland,50.4334,30.5166,Kiev,Ukraine
Gladstein2019_343AJ,Poland-Ukraine_GRC10040393,Poland-Ukraine_GRC10040393,52.25,21,Warsaw,Poland,50.4334,30.5166,Kiev,Ukraine
Gladstein2019_343AJ,Poland-Ukraine_GRC10041788,Poland-Ukraine_GRC10041788,52.25,21,Warsaw,Poland,50.4334,30.5166,Kiev,Ukraine
Gladstein2019_343AJ,Poland-Ukraine_GRC11060491,Poland-Ukraine_GRC11060491,52.25,21,Warsaw,Poland,50.4334,30.5166,Kiev,Ukraine
Gladstein2019_343AJ,Poland-Ukraine_GRC11066179,Poland-Ukraine_GRC11066179,52.25,21,Warsaw,Poland,50.4334,30.5166,Kiev,Ukraine
Gladstein2019_343AJ,Romania-Germany_GRC11055201,Romania-Germany_GRC11055201,44.4334,26.0999,Bucharest,Romania,52.5218,13.4015,Berlin,Germany
Gladstein2019_343AJ,Romania-Germany_GRC11058855,Romania-Germany_GRC11058855,44.4334,26.0999,Bucharest,Romania,52.5218,13.4015,Berlin,Germany
Gladstein2019_343AJ,Romania-Lithuania_GRC000353,Romania-Lithuania_GRC000353,44.4334,26.0999,Bucharest,Romania,54.6834,25.3166,Vilnius,Lithuania
Gladstein2019_343AJ,Romania-Poland_GRC006720,Romania-Poland_GRC006720,44.4334,26.0999,Bucharest,Romania,52.25,21,Warsaw,Poland
Gladstein2019_343AJ,Romania-Poland_GRC10040425,Romania-Poland_GRC10040425,44.4334,26.0999,Bucharest,Romania,52.25,21,Warsaw,Poland
Gladstein2019_343AJ,Romania-Poland_GRC11054575,Romania-Poland_GRC11054575,44.4334,26.0999,Bucharest,Romania,52.25,21,Warsaw,Poland
Gladstein2019_343AJ,Romania-Poland_GRC11061655,Romania-Poland_GRC11061655,44.4334,26.0999,Bucharest,Romania,52.25,21,Warsaw,Poland
Gladstein2019_343AJ,Romania-Russia_GRC10041987,Romania-Russia_GRC10041987,44.4334,26.0999,Bucharest,Romania,55.7522,37.6155,Moscow,Russia
Gladstein2019_343AJ,Romania-Ukraine_GRC004193,Romania-Ukraine_GRC004193,44.4334,26.0999,Bucharest,Romania,50.4334,30.5166,Kiev,Ukraine
Gladstein2019_343AJ,Romania-Ukraine_GRC007142,Romania-Ukraine_GRC007142,44.4334,26.0999,Bucharest,Romania,50.4334,30.5166,Kiev,Ukraine
Gladstein2019_343AJ,Romania-Ukraine_GRC10036796,Romania-Ukraine_GRC10036796,44.4334,26.0999,Bucharest,Romania,50.4334,30.5166,Kiev,Ukraine
Gladstein2019_343AJ,Romania-Ukraine_GRC11056641,Romania-Ukraine_GRC11056641,44.4334,26.0999,Bucharest,Romania,50.4334,30.5166,Kiev,Ukraine
Gladstein2019_343AJ,Russia-Austria_GRC10043710,Russia-Austria_GRC10043710,55.7522,37.6155,Moscow,Russia,48.2,16.3666,Vienna,Austria
Gladstein2019_343AJ,Russia-Hungary_GRC030659,Russia-Hungary_GRC030659,55.7522,37.6155,Moscow,Russia,47.5,19.0833,Budapest,Hungary
Gladstein2019_343AJ,Russia-Hungary_GRC10037175,Russia-Hungary_GRC10037175,55.7522,37.6155,Moscow,Russia,47.5,19.0833,Budapest,Hungary
Gladstein2019_343AJ,Russia-Poland_GRC006868,Russia-Poland_GRC006868,55.7522,37.6155,Moscow,Russia,52.25,21,Warsaw,Poland
Gladstein2019_343AJ,Russia-Poland_GRC009634,Russia-Poland_GRC009634,55.7522,37.6155,Moscow,Russia,52.25,21,Warsaw,Poland
Gladstein2019_343AJ,Russia-Poland_GRC016902,Russia-Poland_GRC016902,55.7522,37.6155,Moscow,Russia,52.25,21,Warsaw,Poland
Gladstein2019_343AJ,Russia-Poland_GRC10036852,Russia-Poland_GRC10036852,55.7522,37.6155,Moscow,Russia,52.25,21,Warsaw,Poland
Gladstein2019_343AJ,Russia-Poland_GRC11066167,Russia-Poland_GRC11066167,55.7522,37.6155,Moscow,Russia,52.25,21,Warsaw,Poland
Gladstein2019_343AJ,Russia-Romania_GRC10042975,Russia-Romania_GRC10042975,55.7522,37.6155,Moscow,Russia,44.4334,26.0999,Bucharest,Romania
Gladstein2019_343AJ,Russia-Romania_GRC10045504,Russia-Romania_GRC10045504,55.7522,37.6155,Moscow,Russia,44.4334,26.0999,Bucharest,Romania
Gladstein2019_343AJ,Russia-Slovakia_GRC021945,Russia-Slovakia_GRC021945,55.7522,37.6155,Moscow,Russia,48.15,17.117,Bratislava,Slovakia
Gladstein2019_343AJ,Russia-Ukraine_GRC009367,Russia-Ukraine_GRC009367,55.7522,37.6155,Moscow,Russia,50.4334,30.5166,Kiev,Ukraine
Gladstein2019_343AJ,Russia-Ukraine_GRC031263,Russia-Ukraine_GRC031263,55.7522,37.6155,Moscow,Russia,50.4334,30.5166,Kiev,Ukraine
Gladstein2019_343AJ,Slovakia-Belarus_GRC11057854,Slovakia-Belarus_GRC11057854,48.15,17.117,Bratislava,Slovakia,53.9,27.5666,Minsk,Belarus
Gladstein2019_343AJ,Slovakia-Lithuania_GRC000915,Slovakia-Lithuania_GRC000915,48.15,17.117,Bratislava,Slovakia,54.6834,25.3166,Vilnius,Lithuania
Gladstein2019_343AJ,Slovakia-Russia_GRC003899,Slovakia-Russia_GRC003899,48.15,17.117,Bratislava,Slovakia,55.7522,37.6155,Moscow,Russia
Gladstein2019_343AJ,Ukraine-Austria_GRC10039815,Ukraine-Austria_GRC10039815,50.4334,30.5166,Kiev,Ukraine,48.2,16.3666,Vienna,Austria
Gladstein2019_343AJ,Ukraine-Belarus_GRC008558,Ukraine-Belarus_GRC008558,50.4334,30.5166,Kiev,Ukraine,53.9,27.5666,Minsk,Belarus
Gladstein2019_343AJ,Ukraine-Belarus_GRC011109,Ukraine-Belarus_GRC011109,50.4334,30.5166,Kiev,Ukraine,53.9,27.5666,Minsk,Belarus
Gladstein2019_343AJ,Ukraine-Belarus_GRC013322,Ukraine-Belarus_GRC013322,50.4334,30.5166,Kiev,Ukraine,53.9,27.5666,Minsk,Belarus
Gladstein2019_343AJ,Ukraine-Belarus_GRC030893,Ukraine-Belarus_GRC030893,50.4334,30.5166,Kiev,Ukraine,53.9,27.5666,Minsk,Belarus
Gladstein2019_343AJ,Ukraine-Belarus_GRC031409,Ukraine-Belarus_GRC031409,50.4334,30.5166,Kiev,Ukraine,53.9,27.5666,Minsk,Belarus
Gladstein2019_343AJ,Ukraine-Belarus_GRC10041354,Ukraine-Belarus_GRC10041354,50.4334,30.5166,Kiev,Ukraine,53.9,27.5666,Minsk,Belarus
Gladstein2019_343AJ,Ukraine-Belarus_GRC11066679,Ukraine-Belarus_GRC11066679,50.4334,30.5166,Kiev,Ukraine,53.9,27.5666,Minsk,Belarus
Gladstein2019_343AJ,Ukraine-Germany_GRC005650,Ukraine-Germany_GRC005650,50.4334,30.5166,Kiev,Ukraine,52.5218,13.4015,Berlin,Germany
Gladstein2019_343AJ,Ukraine-Germany_GRC023959,Ukraine-Germany_GRC023959,50.4334,30.5166,Kiev,Ukraine,52.5218,13.4015,Berlin,Germany
Gladstein2019_343AJ,Ukraine-Latvia_GRC029863,Ukraine-Latvia_GRC029863,50.4334,30.5166,Kiev,Ukraine,56.95,24.1,Riga,Latvia
Gladstein2019_343AJ,Ukraine-Latvia_GRC10040739,Ukraine-Latvia_GRC10040739,50.4334,30.5166,Kiev,Ukraine,56.95,24.1,Riga,Latvia
Gladstein2019_343AJ,Ukraine-Latvia_GRC11074325,Ukraine-Latvia_GRC11074325,50.4334,30.5166,Kiev,Ukraine,56.95,24.1,Riga,Latvia
Gladstein2019_343AJ,Ukraine-Lithuania_GRC009147,Ukraine-Lithuania_GRC009147,50.4334,30.5166,Kiev,Ukraine,54.6834,25.3166,Vilnius,Lithuania
Gladstein2019_343AJ,Ukraine-Lithuania_GRC012187,Ukraine-Lithuania_GRC012187,50.4334,30.5166,Kiev,Ukraine,54.6834,25.3166,Vilnius,Lithuania
Gladstein2019_343AJ,Ukraine-Lithuania_GRC017338,Ukraine-Lithuania_GRC017338,50.4334,30.5166,Kiev,Ukraine,54.6834,25.3166,Vilnius,Lithuania
Gladstein2019_343AJ,Ukraine-Lithuania_GRC10041136,Ukraine-Lithuania_GRC10041136,50.4334,30.5166,Kiev,Ukraine,54.6834,25.3166,Vilnius,Lithuania
Gladstein2019_343AJ,Ukraine-Lithuania_GRC10042045,Ukraine-Lithuania_GRC10042045,50.4334,30.5166,Kiev,Ukraine,54.6834,25.3166,Vilnius,Lithuania
Gladstein2019_343AJ,Ukraine-Lithuania_GRC10042150,Ukraine-Lithuania_GRC10042150,50.4334,30.5166,Kiev,Ukraine,54.6834,25.3166,Vilnius,Lithuania
Gladstein2019_343AJ,Ukraine-Lithuania_GRC11054790,Ukraine-Lithuania_GRC11054790,50.4334,30.5166,Kiev,Ukraine,54.6834,25.3166,Vilnius,Lithuania
Gladstein2019_343AJ,Ukraine-Moldova_GRC10041345,Ukraine-Moldova_GRC10041345,50.4334,30.5166,Kiev,Ukraine,47.005,28.8577,Chisinau,Moldova
Gladstein2019_343AJ,Ukraine-Netherlands_GRC013710,Ukraine-Netherlands_GRC013710,50.4334,30.5166,Kiev,Ukraine,52.35,4.9166,Amsterdam,Netherlands
Gladstein2019_343AJ,Ukraine-Poland_GRC000446,Ukraine-Poland_GRC000446,50.4334,30.5166,Kiev,Ukraine,52.25,21,Warsaw,Poland
Gladstein2019_343AJ,Ukraine-Poland_GRC002688,Ukraine-Poland_GRC002688,50.4334,30.5166,Kiev,Ukraine,52.25,21,Warsaw,Poland
Gladstein2019_343AJ,Ukraine-Poland_GRC004194,Ukraine-Poland_GRC004194,50.4334,30.5166,Kiev,Ukraine,52.25,21,Warsaw,Poland
Gladstein2019_343AJ,Ukraine-Poland_GRC011561,Ukraine-Poland_GRC011561,50.4334,30.5166,Kiev,Ukraine,52.25,21,Warsaw,Poland
Gladstein2019_343AJ,Ukraine-Poland_GRC012537,Ukraine-Poland_GRC012537,50.4334,30.5166,Kiev,Ukraine,52.25,21,Warsaw,Poland
Gladstein2019_343AJ,Ukraine-Poland_GRC017376,Ukraine-Poland_GRC017376,50.4334,30.5166,Kiev,Ukraine,52.25,21,Warsaw,Poland
Gladstein2019_343AJ,Ukraine-Poland_GRC024693,Ukraine-Poland_GRC024693,50.4334,30.5166,Kiev,Ukraine,52.25,21,Warsaw,Poland
Gladstein2019_343AJ,Ukraine-Poland_GRC10034619,Ukraine-Poland_GRC10034619,50.4334,30.5166,Kiev,Ukraine,52.25,21,Warsaw,Poland
Gladstein2019_343AJ,Ukraine-Poland_GRC10035828,Ukraine-Poland_GRC10035828,50.4334,30.5166,Kiev,Ukraine,52.25,21,Warsaw,Poland
Gladstein2019_343AJ,Ukraine-Poland_GRC10037441,Ukraine-Poland_GRC10037441,50.4334,30.5166,Kiev,Ukraine,52.25,21,Warsaw,Poland
Gladstein2019_343AJ,Ukraine-Poland_GRC10037445,Ukraine-Poland_GRC10037445,50.4334,30.5166,Kiev,Ukraine,52.25,21,Warsaw,Poland
Gladstein2019_343AJ,Ukraine-Poland_GRC11056719,Ukraine-Poland_GRC11056719,50.4334,30.5166,Kiev,Ukraine,52.25,21,Warsaw,Poland
Gladstein2019_343AJ,Ukraine-Poland_GRC11066148,Ukraine-Poland_GRC11066148,50.4334,30.5166,Kiev,Ukraine,52.25,21,Warsaw,Poland
Gladstein2019_343AJ,Ukraine-Poland_GRC11066172,Ukraine-Poland_GRC11066172,50.4334,30.5166,Kiev,Ukraine,52.25,21,Warsaw,Poland
Gladstein2019_343AJ,Ukraine-Poland_GRC11066462,Ukraine-Poland_GRC11066462,50.4334,30.5166,Kiev,Ukraine,52.25,21,Warsaw,Poland
Gladstein2019_343AJ,Ukraine-Romania_GRC11048937,Ukraine-Romania_GRC11048937,50.4334,30.5166,Kiev,Ukraine,44.4334,26.0999,Bucharest,Romania
Gladstein2019_343AJ,Ukraine-Russia_GRC10035504,Ukraine-Russia_GRC10035504,50.4334,30.5166,Kiev,Ukraine,55.7522,37.6155,Moscow,Russia
Gladstein2019_343AJ,Ukraine-Russia_GRC10038821,Ukraine-Russia_GRC10038821,50.4334,30.5166,Kiev,Ukraine,55.7522,37.6155,Moscow,Russia
Gladstein2019_343AJ,Ukraine-Russia_GRC11065569,Ukraine-Russia_GRC11065569,50.4334,30.5166,Kiev,Ukraine,55.7522,37.6155,Moscow,Russia
Gladstein2019_343AJ,Ukraine-Slovakia_GRC003923,Ukraine-Slovakia_GRC003923,50.4334,30.5166,Kiev,Ukraine,48.15,17.117,Bratislava,Slovakia
Gladstein2019_343AJ,Ukraine-Slovakia_GRC006422,Ukraine-Slovakia_GRC006422,50.4334,30.5166,Kiev,Ukraine,48.15,17.117,Bratislava,Slovakia
